State,StateAbbr,County,CountyFIPS,Asthma,AFHeartDisease,COPD,Depression,HeartFailure,Hypertension,CoronaryArtery,Psychotic,Stroke,TotalCost
Alabama ,AL,Jefferson ,1073,21757.52253,27331.92744,27268.35787,22037.22392,30255.83412,15218.43742,21404.63434,22090.97792,34328.9451,472312.2021
Alabama ,AL,Shelby ,1117,20142.96371,24396.68801,24967.36675,20049.30885,27598.77097,14185.83596,17868.76498,26293.13251,32793.99885,435321.6215
Alabama ,AL,Limestone ,1083,20151.81956,24468.88272,23465.97322,19662.61683,25908.20005,13671.5303,18854.92752,22723.27459,29955.29184,394503.7136
Alabama ,AL,Madison ,1089,18124.05592,24523.72805,24563.54834,19842.7471,27227.30841,13421.95718,18385.14559,21603.83799,28306.42169,401355.4595
Alabama ,AL,Mobile ,1097,24218.41586,25834.22011,26209.46158,20486.6488,27648.64763,15057.36056,19242.93575,19222.35427,31190.39775,438495.2559
Alabama ,AL,Montgomery ,1101,23968.60656,27202.70264,30549.18493,23689.23258,31126.5233,14945.3642,20949.47792,25518.9436,34155.24237,504330.2083
Alabama ,AL,Tuscaloosa ,1125,22893.2678,23474.52402,25139.45984,22068.42779,28867.38798,14146.48981,20907.52767,22856.14405,34320.16625,449780.5791
Alaska ,AK,Anchorage ,2020,19923.03713,18518.8512,22063.30576,16486.59389,24309.73803,12930.10157,16256.22046,12955.54252,28008.90646,346882.0235
Arizona ,AZ,Maricopa ,4013,19236.14454,23491.80094,24438.76922,19390.40823,28969.05586,13932.19615,18367.44448,21760.12372,29288.11974,420326.9708
Arizona ,AZ,Pima ,4019,17771.89776,20259.80621,21949.57382,16725.41926,26127.96594,12572.35526,16780.82541,19943.94267,26421.62873,370244.9559
Arizona ,AZ,Yuma ,4027,18461.46502,23391.74554,23641.16478,19191.81997,26881.65752,13020.09066,18656.94532,18712.27339,28165.28424,388986.7579
Arkansas ,AR,Washington ,5143,20456.90142,22603.4471,24230.1623,18264.64489,28135.11664,14015.77169,18917.88181,16854.57439,32177.92651,403572.6142
Arkansas ,AR,Sebastian ,5131,21870.8658,25320.95041,26985.48884,20428.18671,29259.41796,14689.82212,19977.9323,26504.73091,35272.56614,449884.7702
Arkansas ,AR,Craighead ,5031,22615.9611,24233.51556,24662.53122,20400.10408,30242.77562,14550.52103,19152.09792,22702.662,30700.64317,459221.6194
Arkansas ,AR,Pulaski ,5119,20203.65935,24421.93958,25123.1119,19196.74353,27733.81592,14173.70015,18041.21862,23062.25228,32743.31175,420419.2274
Arkansas ,AR,Benton ,5007,19273.24548,23246.00292,22751.6129,18522.71127,25589.47384,13563.93571,16604.22047,21373.86415,30252.58621,408479.8653
California ,CA,Orange ,6059,22194.1411,25826.83631,28814.64623,22921.29499,29687.26363,15013.91272,20016.0035,31796.19066,34776.47082,462626.7636
California ,CA,Contra Costa ,6013,19477.73654,22711.07962,25739.06294,18236.5225,27799.56845,13534.70987,19629.28606,15427.68697,28285.99564,400649.4081
California ,CA,San Bernardino ,6071,24912.61356,29123.25338,29125.34117,24087.94937,29264.5017,17130.31646,23074.4758,25396.80182,38864.7423,498107.3825
California ,CA,Kern ,6029,20367.54738,25978.98021,24668.43177,20777.23079,27740.29986,14628.52033,18533.7182,20981.41807,34076.62847,437797.1161
California ,CA,Los Angeles ,6037,26317.95791,32048.4916,34485.54592,26565.50126,33578.03131,18203.50941,23752.01311,36123.13173,42347.1533,551336.0908
California ,CA,San Diego ,6073,21717.60109,24501.60339,27962.08811,21387.88106,27371.92134,15668.63825,20516.77185,26342.99096,31365.2761,464565.2645
California ,CA,Sacramento ,6067,19815.85759,21817.24811,23085.05224,17716.94558,25968.81259,13081.64177,19008.75001,16372.10757,27239.49788,389998.8208
California ,CA,Riverside ,6065,21023.11966,24306.14114,26672.45565,21472.03255,28406.43071,15348.72069,20029.41596,27376.49154,32800.02361,445971.2654
California ,CA,Fresno ,6019,18268.14516,23512.0545,23473.76925,18128.19438,26158.69719,13050.99882,17941.31983,15568.43548,27002.41656,386233.2033
California ,CA,Alameda ,6001,20399.11195,25369.8233,26066.19615,19035.8557,27361.92102,13258.32415,19496.24516,17342.5627,31778.38618,404908.0063
California ,CA,San Joaquin ,6077,17933.24486,22707.05523,23641.28747,18664.86732,25452.67659,12488.13899,17171.69463,17261.29323,28286.40378,384020.7987
California ,CA,Santa Clara ,6085,20337.21102,22667.46852,25542.77053,19133.03559,27254.16938,12852.02675,18076.99109,16336.47851,30041.29342,390208.7191
California ,CA,Stanislaus ,6099,20396.57763,23532.50454,23621.77746,17795.90991,27268.21512,13487.12655,18098.96674,16426.9555,33128.6378,395375.6188
California ,CA,Ventura ,6111,20272.66828,24046.54395,26617.07035,20210.91409,28286.16672,14173.96572,18783.86649,24257.66816,29854.00796,436791.413
California ,CA,Shasta ,6089,17430.59554,19141.84422,20849.46063,16053.94053,23175.78374,12509.10365,16251.63147,15495.07567,22839.97651,349973.125
California ,CA,San Mateo ,6081,17253.6157,20874.6967,22390.82887,17821.84942,24731.27755,11839.19268,16933.61334,19168.28975,27113.51006,358741.9474
California ,CA,Placer ,6061,15080.86626,17150.558,19948.4131,15379.23248,22358.92691,11326.88756,15341.33781,14461.61539,23194.53265,322652.4332
California ,CA,Monterey ,6053,18298.83955,21022.43434,23209.68516,17511.57053,26989.76417,11639.49615,16459.95895,14435.48546,26880.29262,359131.7845
California ,CA,San Francisco ,6075,18062.17423,22319.10776,20566.51781,15405.16289,25225.18039,11320.0373,18238.19566,13585.26565,29585.251,348385.5746
California ,CA,Santa Barbara ,6083,17541.08109,18732.2308,21141.21701,16337.133,22189.45239,12122.73613,15789.07241,17910.18762,26043.32165,373415.6117
California ,CA,Solano ,6095,19080.71155,23443.24095,24193.11558,18185.55713,28023.83979,13868.84776,19770.05223,14585.31259,30053.0442,385473.9306
Colorado ,CO,Jefferson ,8059,19821.60916,21848.68457,21789.89773,18457.13599,25924.69609,14849.13497,18117.87477,15832.30245,30920.19176,408071.6914
Colorado ,CO,Adams ,8001,22979.72897,26772.64977,24337.01491,20649.15231,28562.5315,15948.26037,20310.61442,18049.24449,31011.61674,435837.5679
Colorado ,CO,Arapahoe ,8005,21538.56826,24920.81994,25506.94515,21066.70905,28671.69766,15575.07768,19983.53471,16952.71186,31672.35418,426562.8204
Colorado ,CO,Douglas ,8035,19637.6358,21599.48919,24084.6019,20757.02218,26561.08068,14606.06293,17447.18955,19700.10291,28455.66061,429296.0099
Colorado ,CO,Boulder ,8013,18472.20945,21869.96807,23066.49548,17152.75892,27285.58255,15003.92626,15498.49641,14785.10781,29225.26908,394546.6618
Colorado ,CO,El Paso ,8041,19300.30345,21794.34615,21259.83318,17730.27629,24170.22192,13224.39039,16706.95089,14889.00868,27805.49555,364140.4868
Colorado ,CO,Denver ,8031,23487.1652,25884.98325,25955.95909,20382.50321,29112.75196,16534.34254,20686.37552,16895.1278,35344.05376,452752.4333
Colorado ,CO,Larimer ,8069,19619.76596,20467.49629,22411.65621,17836.98383,26524.89234,13680.36125,16899.21978,20200.77091,29094.21768,396296.6452
Colorado ,CO,Weld ,8123,22921.85924,23018.70885,23010.77172,20107.52538,25651.44135,14440.80161,18397.2982,17302.48481,29371.99882,428012.3166
Colorado ,CO,Pueblo ,8101,17879.24689,24049.56052,22010.09699,17694.36692,25110.14189,13897.76489,18659.70152,14036.11479,32595.46909,394915.0092
Florida ,FL,Palm Beach ,12099,22983.1877,27204.3874,29029.10036,24234.93924,30672.90949,16468.38122,19733.85498,32023.17198,31760.27243,490437.0556
Florida ,FL,Lee ,12071,19483.05669,23456.89187,24131.60706,20257.85663,28138.67877,13806.42551,17496.60519,26690.47551,27055.00101,421658.2903
Florida ,FL,Pinellas ,12103,26037.99414,28435.23655,30277.09887,25435.2548,33713.66306,17295.19555,22787.10885,30205.10209,34950.10577,524112.7219
Florida ,FL,Broward ,12011,25733.65948,30633.83258,31827.40696,26313.99713,35668.85597,18110.37945,22623.9516,30661.17069,38917.49574,537083.0125
Florida ,FL,Alachua ,12001,21192.66954,25671.73423,26788.08878,22705.14931,30102.24838,14669.79586,20405.72017,20792.30419,32002.91896,452849.3829
Florida ,FL,Duval ,12031,24093.42278,29844.24389,29645.22289,25035.09341,34027.36366,16532.48279,22872.16213,25417.69181,35756.07604,512074.8095
Florida ,FL,Polk ,12105,22820.69818,26430.51702,26701.42052,23334.92264,31544.94405,14934.097,19765.38033,29011.48246,34408.51782,474508.4458
Florida ,FL,Brevard ,12009,19666.76657,24950.53164,24445.51239,21796.892,27642.53565,14235.08935,18550.74943,26026.41532,30103.43073,442905.2824
Florida ,FL,Miami-Dade ,12086,25759.51875,34863.12107,33041.51444,25963.54245,36483.31952,19481.57113,23877.91687,29533.64883,39708.52175,559192.723
Florida ,FL,Orange ,12095,23496.31854,30307.21892,30822.38941,26326.83229,34144.83623,16545.8759,21842.47667,29018.02496,39777.76068,520196.7945
Florida ,FL,St. Lucie ,12111,20769.97097,27337.17979,26410.19919,22984.74203,30705.85267,15186.86812,19078.1395,27312.24156,32245.36314,464711.5311
Florida ,FL,Leon ,12073,21447.65832,23469.91155,25236.54248,20991.552,27700.73396,14991.42057,19433.3471,22320.6612,32305.02782,449365.302
Florida ,FL,Hillsborough ,12057,23459.39569,29178.48036,29114.38352,24181.12417,34105.59816,16398.66572,21654.75589,28316.30613,33592.70197,508449.6407
Georgia ,GA,Dougherty ,13095,20608.17739,26637.86756,23294.49165,17743.23063,30848.81579,13137.4073,21449.30387,17529.30329,30582.64783,422178.5761
Georgia ,GA,DeKalb ,13089,20311.19431,24664.93699,29095.68921,21027.8912,32081.06707,15001.21221,22135.64797,18581.25855,34632.62718,447471.7592
Georgia ,GA,Fulton ,13121,22495.45635,25374.68787,29602.83648,21772.23031,32279.48442,15128.51914,20835.59508,21293.11459,31961.24995,467921.9095
Georgia ,GA,Richmond ,13245,20062.92141,28425.76405,25288.51517,21568.57496,31754.55166,15164.49958,21804.7803,18338.67005,36616.9867,475220.8668
Georgia ,GA,Bibb ,13021,22652.29792,27523.08374,27446.06033,20031.70327,30683.36387,14557.02301,21223.41178,19176.35665,31573.54857,451187.3148
Georgia ,GA,Jones ,13169,21339.43457,25241.3595,21534.36611,17517.47794,27988.44236,12730.91683,17800.34915,11542.23104,31289.14662,365287.9689
Georgia ,GA,Chatham ,13051,20546.09335,24569.25345,24512.14652,21238.54555,31091.75127,13731.79882,19022.54103,20249.7328,31770.58608,431770.8848
Georgia ,GA,Houston ,13153,20133.03238,24213.99598,24261.04747,19676.40986,27536.14192,13208.83174,19018.91147,19618.35938,31757.18783,413921.4491
Georgia ,GA,Peach ,13225,20963.09151,23813.01636,21634.32,19644.61573,28037.92044,13160.67921,19435.69789,21127.51747,37050.19832,402257.3492
Hawaii ,HI,Honolulu ,15003,16288.05927,20139.62356,19497.11966,17114.47958,25979.21957,9743.877581,16340.12826,17665.33827,21410.2924,342036.0187
Idaho ,ID,Ada ,16001,19280.93975,19484.38058,20634.14051,15222.03052,23063.12217,12851.15486,16617.09723,15920.76873,27094.58871,360557.3141
Illinois ,IL,Cook ,17031,24566.8071,29508.39625,29996.59161,25585.07909,31227.09889,16179.69955,22900.07431,26518.92074,37527.50017,508205.5529
Illinois ,IL,DuPage ,17043,21746.06993,25206.99,27134.33725,23206.21038,29496.6596,14448.26094,19074.0312,26115.73658,33783.60179,456624.0554
Illinois ,IL,McLean ,17113,17527.01486,18736.75707,19768.45589,16271.11093,23159.67218,11564.09696,14790.49203,18984.72763,21251.65894,339392.4086
Illinois ,IL,Macon ,17115,20896.8575,23542.81863,23462.63997,19488.15242,24691.30554,13230.94743,16359.3675,18094.21781,31268.53692,411548.083
Illinois ,IL,Kane ,17089,22241.2559,26021.81845,28096.62638,23915.2406,31071.30766,15047.76686,20606.60425,26053.14919,34398.17569,598491.5583
Illinois ,IL,Will ,17197,24298.23924,28027.50743,28943.08633,25164.09176,31482.02894,15357.35924,21221.53856,28042.70313,37160.65448,492604.5476
Illinois ,IL,Peoria ,17143,20115.41758,20554.70565,21520.94842,18016.56521,25259.06679,12555.58904,17315.81509,19569.75539,25340.72005,391861.9718
Illinois ,IL,Winnebago ,17201,23761.5465,22839.80786,24333.56818,20587.27376,25631.15802,14220.7788,19054.83456,18892.21056,31237.06202,432793.3386
Illinois ,IL,Sangamon ,17167,21236.93506,23195.54316,22935.71215,18396.44576,25745.00785,14032.09838,17460.14869,18143.61018,31514.78934,424961.4271
Illinois ,IL,Lake ,17097,21728.87673,24493.01481,26904.70536,22441.93617,29018.70555,14671.54586,19870.70978,24725.23023,30408.09573,468590.8979
Indiana ,IN,Monroe ,18105,16334.63165,18293.59981,21053.54439,16734.68367,24445.25115,12274.41127,16327.31629,15862.52647,25896.98537,342071.8707
Indiana ,IN,Hamilton ,18057,18495.46468,22586.74931,24458.29815,18941.72134,26305.4998,13142.06739,16947.79323,20472.3714,28163.81821,399536.1408
Indiana ,IN,Vanderburgh ,18163,23023.59098,25413.05797,25459.39228,20321.25749,29292.43343,14410.25268,20619.03254,18435.17949,31329.60112,436323.4935
Indiana ,IN,Allen ,18003,21144.64458,24997.27414,25026.29566,18957.79321,28375.25723,13797.88996,18153.48925,17587.81306,30996.9044,416618.268
Indiana ,IN,Lake ,18089,25690.84822,31262.21877,30135.38698,27048.03899,33266.45419,17093.03396,23871.65658,27623.90792,39199.55766,542225.6803
New York ,NY,New York ,36061,20922.0472,26173.78666,26509.52844,21898.22609,28957.01322,15982.7423,19155.97071,22371.81703,30994.65469,442088.0269
Indiana ,IN,Marion ,18097,22896.52909,27441.85328,25167.40391,21690.78261,29601.10192,15746.18774,21134.83438,20473.61194,34962.81565,466374.4654
Indiana ,IN,Tippecanoe ,18157,22169.1987,24700.54759,25920.8977,20730.16998,28613.40651,13996.6364,19670.87478,21946.44919,28041.03802,477502.6737
Indiana ,IN,Delaware ,18035,21978.16431,25894.17868,22467.7585,20712.66095,27446.48895,13933.31923,19512.65964,24414.70346,31609.22085,428267.361
Indiana ,IN,St. Joseph ,18141,20672.43236,19935.59008,23199.98297,18728.13586,25080.10002,13358.27384,17317.08799,18192.80205,29258.51488,406839.6668
Iowa ,IA,Linn ,19113,19639.67743,19731.79052,20326.40661,14744.06087,23754.07355,12139.41041,16575.19137,13791.99641,28521.40702,366052.8642
Iowa ,IA,Polk ,19153,17802.74159,18745.0858,18975.30995,14275.33901,22328.50948,11479.97647,14642.66496,13365.59849,22523.71526,322357.3011
Iowa ,IA,Johnson ,19103,17407.60021,18275.30936,21549.95356,14299.97017,22757.10749,11684.56066,15971.96449,13719.97645,23036.47416,330178.8703
Iowa ,IA,Woodbury ,19193,18983.02696,21471.31324,20592.73244,15695.28904,24001.96135,12944.13051,17081.99915,11890.67478,25759.3455,355299.58
Iowa ,IA,Black Hawk ,19013,18992.05095,22009.52131,22537.6846,15435.32152,24087.24602,13290.20507,16607.40064,12850.50953,25658.46332,376661.1711
Kansas ,KS,Wyandotte ,20209,28821.38178,29447.01724,28680.09965,25449.72649,32929.87234,16846.58849,23254.84115,23231.97635,39833.01315,509643.6574
Kansas ,KS,Douglas ,20045,17527.97772,19264.19394,20235.72971,16357.14749,25481.14855,13002.21626,15974.01454,16804.83026,23894.39438,380901.8097
Kansas ,KS,Johnson ,20091,21116.54072,24446.90871,26566.28883,20793.73346,29571.51676,14695.38982,17735.42095,19832.10603,30735.01541,519197.7133
Kansas ,KS,Shawnee ,20177,21605.84333,24393.21964,23633.26894,18524.47112,28374.51429,13851.96299,18741.86151,20218.98728,32543.34353,433111.9475
Kansas ,KS,Sedgwick ,20173,21902.9627,23647.5072,23453.35534,19278.33717,26033.84025,14125.34434,17975.11089,17855.80668,29734.20312,408740.709
Kentucky ,KY,Fayette ,21067,19251.80034,23928.67956,24373.12618,18838.39012,29245.39246,13688.38833,19912.23305,19286.72959,28285.06775,406063.1275
Kentucky ,KY,Jefferson ,21111,21896.82898,24139.00313,25430.72413,19949.31511,28152.03878,14061.87262,19760.3551,20588.16787,31053.22879,434746.6035
Louisiana ,LA,East Baton Rouge ,22033,24268.91738,25549.73058,28323.07566,22477.84844,31481.67662,15857.07356,20882.97904,28873.62232,32990.68954,494330.5361
Louisiana ,LA,Lafayette ,22055,24087.87275,26389.39187,29567.64943,23877.69879,30256.74838,14935.61566,18149.61358,28050.77517,31741.19128,484842.5951
Louisiana ,LA,Calcasieu ,22019,23597.03782,24349.20045,26541.93882,22660.93841,29660.69721,14210.30165,19057.85509,25855.07191,32889.63217,461022.8589
Louisiana ,LA,Orleans ,22071,20649.90328,27343.85175,27196.65808,22626.569,30398.59483,15392.60347,22920.17807,25557.06355,37125.3243,464425.5098
Louisiana ,LA,Bossier ,22015,25804.13674,30176.92656,28999.28543,26418.72903,33956.3391,16434.83208,21254.03396,28831.20636,33631.88229,493373.9628
Louisiana ,LA,Caddo ,22017,26016.93316,29314.57421,31245.24041,25818.58828,34209.60587,16852.17054,22954.96845,27427.37324,38729.24128,522010.8934
Maryland ,MD,Baltimore City ,24510,24970.52566,33989.47363,29864.14468,24576.95238,34363.5569,16804.67022,26169.99472,20921.71921,38623.46485,517860.1075
Massachusetts ,MA,Suffolk ,25025,21803.80996,27894.33672,25819.76338,18817.4949,29561.12044,14678.64686,21912.036,17915.69071,32181.0535,433702.2768
Michigan ,MI,Wayne ,26163,25792.97822,32738.89145,29085.56,25089.88674,30795.78396,16993.022,22985.66208,23552.44717,39944.46171,522474.2603
Michigan ,MI,Kent ,26081,20488.04699,21937.91658,23704.60478,17539.29874,26437.02995,13800.28932,18563.64028,16311.56758,30184.73085,404829.0083
Michigan ,MI,Kalamazoo ,26077,19837.14288,19898.17345,21217.59639,16474.70441,24110.965,12825.87025,16891.42022,16631.75826,27047.77224,371597.5768
Michigan ,MI,Ingham ,26065,20741.99147,25272.29991,24100.48575,18893.48085,27728.11779,14008.16112,19296.67183,19401.47639,32102.44922,424988.8578
Michigan ,MI,Oakland ,26125,23007.6324,27550.6981,28169.612,24403.2997,29762.09601,15853.39489,19896.33725,25912.12989,34125.40579,485481.1737
Michigan ,MI,Macomb ,26099,23515.91499,28062.21927,27891.43358,23343.95044,29650.17267,15632.22012,19885.77846,25759.95249,34603.10102,482210.7903
Minnesota ,MN,St. Louis ,27137,21407.89309,21474.07257,22432.94272,15167.64065,23552.57373,14645.08714,17331.45773,14736.04979,25815.52673,363174.113
Minnesota ,MN,Olmsted ,27109,17700.75088,20432.24706,23905.2353,16796.77695,23787.70738,14399.12042,16254.49531,14899.10392,25206.60192,391404.5548
Mississippi ,MS,Harrison ,28047,24567.59435,27980.49044,28027.41374,22367.88904,33273.76459,15974.7322,21401.12723,23752.90988,35936.82791,490238.8656
Mississippi ,MS,Hinds ,28049,24302.53072,27475.87243,31273.49438,23942.60102,33998.74341,15919.49766,23024.19492,26541.30546,38571.37307,521601.7185
Mississippi ,MS,Madison ,28089,22241.34362,22823.92848,25611.83952,20237.18714,29183.66783,14439.07651,18126.50598,22156.96937,29816.5425,436768.6499
Missouri ,MO,Boone ,29019,22367.95434,22752.28083,24564.76755,17537.82578,27627.80528,14163.81924,18270.45284,15805.84132,29710.57313,401012.6683
Missouri ,MO,Jackson ,29095,23838.14721,27509.45371,27981.72648,22348.69346,32563.07115,16212.93483,21154.4564,19259.47499,37356.67889,470859.9038
Missouri ,MO,Cass ,29037,23080.94002,25710.11362,26767.87125,22475.68315,30094.76742,15406.61929,19282.0659,21212.78957,34475.29577,472257.1073
Missouri ,MO,Clay ,29047,20392.34672,23781.54334,23803.15418,20318.02063,28427.0085,14309.59838,17548.79342,20061.55495,28611.25424,426056.0348
Missouri ,MO,Platte ,29165,19925.40985,24975.22443,23714.25984,21091.85476,28092.98505,14371.25271,17404.35421,17285.19977,30405.72083,406065.9175
Missouri ,MO,St. Charles ,29183,21250.36532,23648.80841,23706.92749,18913.19441,27156.7787,14039.83359,18932.18569,19674.22653,29823.18653,459176.1465
Missouri ,MO,Buchanan ,29021,21887.89057,23302.66752,21633.78204,18897.59875,27587.31883,13679.50647,18094.32381,15666.03325,30650.01498,437233.7572
Missouri ,MO,Greene ,29077,20560.43817,21381.41502,21391.08909,16412.12473,25126.28015,13146.7092,17970.56118,16004.62518,27776.0292,368121.0697
Montana ,MT,Yellowstone ,30111,19554.8688,21408.59407,20802.42793,15349.03314,22875.34958,13437.94802,16406.93119,15209.13627,28013.81375,388275.3504
Montana ,MT,Missoula ,30063,16651.92105,18122.38614,19985.67483,14513.48055,21871.85972,12702.98317,14986.65748,11604.18526,20140.38226,327098.2007
Nebraska ,NE,Lancaster ,31109,18802.8506,21372.1261,22645.96375,17907.22545,24570.84963,13450.30432,17230.17536,17008.28321,27298.09942,402345.619
Nebraska ,NE,Douglas ,31055,21937.64942,23328.81253,23326.65677,18806.46135,27349.52953,14339.77471,18398.11686,16194.45195,30870.70727,416488.5648
Nevada ,NV,Clark ,32003,23819.3097,31671.51423,31369.04128,25836.26359,34666.50317,16682.89154,22140.66336,30222.27538,39607.88408,525422.329
Nevada ,NV,Washoe ,32031,18529.42783,20566.42912,22286.36818,17595.29269,26191.29669,12722.69198,17172.1559,16531.3329,26262.19136,374897.1568
New Jersey ,NJ,Hudson ,34017,22889.1636,30574.79408,28584.11398,25493.1229,30646.50489,15295.62777,20200.15727,20792.24093,34448.84594,471599.1068
New Jersey ,NJ,Essex ,34013,24850.95411,29697.59117,33968.09806,27142.35402,33022.00249,16388.02899,23017.15015,24640.49612,39705.53639,524982.5011
New Mexico ,NM,Bernalillo ,35001,16280.0558,22103.59384,21146.28129,15228.15014,25967.31264,13086.8074,17398.62429,15781.70579,30071.53822,357455.3975
New Mexico ,NM,Dona Ana ,35013,17546.19914,24862.98544,25010.86794,19073.69082,28416.83462,13304.85081,18701.23713,19642.61057,29872.3985,412447.9537
New Mexico ,NM,Santa Fe ,35049,11756.07504,17790.90804,17916.64351,13256.10556,22268.85253,10663.78843,13620.30359,14291.71538,22427.12969,298209.2825
New York ,NY,Bronx ,36005,22356.10797,31622.31665,29404.48739,25192.61023,30588.4596,16618.34661,22770.71071,22654.56214,35593.72887,487445.1599
New York ,NY,Kings ,36047,22704.02597,30388.55715,28992.37514,24594.62741,26906.55639,16212.92702,20432.13032,23255.01459,35078.97072,472848.7919
New York ,NY,Queens ,36081,22416.47831,27614.88763,27459.6976,24961.73159,27598.07374,15289.43392,19743.52086,23261.59096,32313.97825,451012.6806
New York ,NY,Richmond ,36085,20603.59027,27125.17958,26002.1353,23281.1491,26863.62699,14467.51764,18567.6327,20501.86092,32855.10194,436155.573
New York ,NY,Onondaga ,36067,17861.14363,20775.70406,21859.19224,17216.34834,27184.16531,12450.90688,17979.92983,14949.50663,27049.77258,382742.3371
North Carolina ,NC,Buncombe ,37021,19075.31473,19642.13214,21263.75751,15657.96381,24370.73614,12405.51819,16665.28835,18247.25406,26152.45028,366787.5442
North Carolina ,NC,Wake ,37183,19526.24434,21262.75933,23309.6524,17990.66237,27375.17703,12834.78023,17889.1705,17041.70542,27910.20028,393113.6494
North Carolina ,NC,Mecklenburg ,37119,20298.29586,21548.12807,24334.77402,19697.50889,28232.25434,13724.98432,18125.57236,17525.45678,28403.48803,416108.5014
North Carolina ,NC,Cabarrus ,37025,22101.35498,23058.62902,24385.82072,20289.6171,28618.54474,14414.74197,19364.95827,22355.27713,30174.08425,429490.6173
North Carolina ,NC,Cumberland ,37051,20079.66672,23642.53744,23738.13642,18534.63758,28402.94688,13147.89815,18741.52055,18611.67459,28978.78598,412596.5165
North Carolina ,NC,Gaston ,37071,21717.85341,24207.8424,23039.8712,18766.91524,27374.94291,14185.10943,19625.0874,22456.45794,29060.77822,424221.9725
North Carolina ,NC,Guilford ,37081,18683.90788,21387.17548,23094.92467,17324.79106,25889.10789,13295.76573,18271.96875,16930.93511,26381.65794,381917.9508
North Carolina ,NC,Pitt ,37147,26019.83519,25234.71673,25519.39273,19990.5734,29202.41901,13484.3825,19788.94355,15362.78339,34356.94409,434446.7744
North Carolina ,NC,Davidson ,37057,19474.89037,22558.07273,20581.21324,18483.68271,27226.08362,13022.04408,18288.24024,16824.44485,29670.99716,403789.0687
North Carolina ,NC,Onslow ,37133,20189.25838,23244.86473,21172.12474,17689.84263,26034.20004,12805.99916,17768.17909,12627.61635,25908.45488,387935.0982
North Carolina ,NC,Forsyth ,37067,18885.7669,22678.26033,21172.31578,17647.09245,28375.29809,13781.48422,18708.70557,17961.77279,31136.72391,407293.5141
North Dakota ,ND,Cass ,38017,20066.66564,23404.86816,24212.46504,15964.69326,25904.00762,13565.55837,18006.02083,14949.30701,27053.01875,380912.3513
Ohio ,OH,Summit ,39153,20838.0343,25476.06134,25237.77419,20190.76857,27892.5302,14078.45384,19489.77873,18212.49676,30718.71705,425528.847
Ohio ,OH,Stark ,39151,19090.00823,24630.86782,24387.64813,19704.19282,26375.02458,13481.54258,18727.80261,22063.86903,31791.38998,419386.835
Ohio ,OH,Hamilton ,39061,22699.0201,25644.79575,26817.57743,21600.209,29100.0773,14790.94172,21079.4995,20353.51393,32441.39626,459380.2005
Ohio ,OH,Cuyahoga ,39035,23552.223,26114.68426,28083.12507,21800.91861,29185.60289,15119.1544,20912.66491,22384.0101,34231.45796,468337.7743
Ohio ,OH,Franklin ,39049,21489.96075,25799.05324,25034.82956,19750.14991,29573.40086,14510.79081,20152.48693,20242.16375,33262.68807,451814.7073
Ohio ,OH,Montgomery ,39113,23623.39942,27018.42245,26738.00541,21397.4623,30378.15058,14854.42701,20766.79887,23646.64369,32409.37494,457897.965
Ohio ,OH,Lucas ,39095,21618.52765,27210.1483,25398.01778,21054.63173,28238.57872,14451.01135,20485.09072,21434.4496,32564.97494,444690.9855
Ohio ,OH,Mahoning ,39099,22108.20414,24782.11244,25934.07265,21221.50892,29174.07731,14279.84545,19115.02442,22173.85969,31786.83143,462560.9063
Oklahoma ,OK,Tulsa ,40143,23293.86054,26915.27846,26955.45396,21213.48598,30189.64911,15694.78099,20873.18279,21444.01172,34207.72811,463369.5758
Oklahoma ,OK,Wagoner ,40145,20395.96637,26622.57022,24624.10577,20363.20272,29087.74825,14990.89081,19303.73315,21817.32739,29468.27231,426360.5644
Oklahoma ,OK,Oklahoma ,40109,22662.39938,25624.48982,25913.96412,21702.27841,28376.48194,15379.58255,18829.01875,25510.34817,32515.59488,453379.6758
Oklahoma ,OK,Comanche ,40031,20870.75945,24722.80493,23140.29415,20159.78316,22962.93895,13887.748,16700.46147,18765.65714,27509.41414,404953.7825
Oklahoma ,OK,Cleveland ,40027,20438.31127,24674.76454,24517.19379,21065.93383,28757.71351,14309.90433,17355.67695,24232.78043,31127.66804,419517.6664
Oklahoma ,OK,Canadian ,40017,19702.81022,23017.27077,23933.27566,19274.61462,26654.3609,13899.60788,17511.76073,24916.015,28735.45614,444111.0027
Oklahoma ,OK,Pottawatomie ,40125,22696.06122,25064.67623,23271.70558,20082.14146,27438.4485,14157.51332,18255.83497,17949.84645,31204.86695,403271.065
Oklahoma ,OK,Osage ,40113,25483.95303,26473.75988,25536.99626,22710.22011,29257.66993,15422.0909,20706.68722,27434.31204,35280.65506,465234.6046
Oregon ,OR,Washington ,41067,18194.66371,19026.67755,21608.67346,15107.89096,22324.79554,13146.90247,17162.63004,14093.16183,23588.87757,348241.4447
Oregon ,OR,Deschutes ,41017,14399.46772,17417.89908,17946.58565,13714.31759,22158.12577,11056.19558,12301.18639,15390.05577,21247.55817,301901.7605
Oregon ,OR,Lane ,41039,17835.06322,19465.29129,19220.30026,13872.75215,23034.71185,12717.66783,16799.41249,12863.62326,25054.59964,333310.1396
Oregon ,OR,Multnomah ,41051,19539.86273,21689.79797,22424.27468,15669.72327,24263.59369,14527.33501,18591.34512,15367.13514,26078.53449,377201.7157
Oregon ,OR,Jackson ,41029,18390.58073,19115.92727,19722.31705,14879.62929,22521.42603,12480.22588,16263.40741,13137.76618,24144.91167,333986.0126
Oregon ,OR,Clackamas ,41005,18215.2029,18221.0999,21052.61779,15487.29165,22849.70288,12795.78472,17038.73375,16317.28221,26419.7446,363928.244
Oregon ,OR,Marion ,41047,21009.06948,20228.88286,22798.24613,16326.41259,24436.0968,13299.7067,16726.74352,12498.40993,25652.0723,369293.6092
Pennsylvania ,PA,Philadelphia ,42101,21495.21266,30535.48236,27979.75125,22523.75544,31238.39022,15962.80923,22763.8645,20209.11721,35483.75507,468476.3203
Pennsylvania ,PA,Allegheny ,42003,22910.27475,27300.70493,28715.82343,22186.80723,32005.0973,16069.41352,22286.68882,21391.12964,34697.581,476098.2969
South Carolina ,SC,Berkeley ,45015,18563.4946,24965.47171,21504.71649,18901.03992,27386.20662,12596.8967,18602.35438,21533.55188,27910.26755,402294.9829
South Carolina ,SC,Charleston ,45019,19086.27708,23265.29922,22716.47016,18860.91443,29347.13444,13189.84081,18379.81412,20548.51204,29581.0604,420693.7732
South Carolina ,SC,Lexington ,45063,19564.38129,22380.15678,23438.84718,17301.63815,26372.99447,12431.96638,16653.10402,20399.04762,26845.74,399250.0918
South Carolina ,SC,Richland ,45079,19182.54887,22844.05658,24615.64359,18538.39211,26730.71053,12684.03038,17471.43719,16075.51346,32396.99244,404347.0495
South Carolina ,SC,York ,45091,18138.98886,20305.47574,22806.84392,17908.22059,29123.08689,12449.80906,16716.89092,21625.99899,26363.76554,404004.7899
South Dakota ,SD,Pennington ,46103,15665.08626,19952.05782,21286.57978,14967.72336,25004.16797,12653.35527,16512.86825,13154.45704,28653.90225,381057.6529
South Dakota ,SD,Minnehaha ,46099,19390.95297,20925.88518,21703.07994,17276.53289,24929.40554,13552.10977,15927.13361,14143.7298,25911.45123,360695.7412
Tennessee ,TN,Hamilton ,47065,20060.63056,24559.08933,25833.45122,20672.79571,27752.1656,14347.77007,19377.04857,21678.91392,32163.34858,439820.796
Tennessee ,TN,Knox ,47093,17612.67878,23035.22276,21948.18145,17826.44177,27277.45173,13380.87439,18143.24635,21802.716,29331.80185,392425.1286
Tennessee ,TN,Shelby ,47157,23130.86063,25920.91266,29061.86925,22935.48089,30508.68456,14811.7573,20514.33747,24680.94957,34662.06718,484788.6027
Tennessee ,TN,Rutherford ,47149,20727.06053,22931.20034,23180.14109,19426.93625,25843.82717,13032.30806,17959.90432,25118.773,25853.62845,408208.5488
Tennessee ,TN,Davidson ,47037,23529.38529,26366.82666,27429.96907,22472.19991,28389.63685,15309.10564,20994.59281,25018.3838,34259.70162,471301.4144
Texas ,TX,Jones ,48253,25137.12865,26521.79163,25850.74355,24938.70678,27774.92352,16552.22965,20236.25449,32428.75073,41263.59465,470300.6475
Texas ,TX,Taylor ,48441,25470.01892,27786.8057,26892.55521,23434.86263,29710.39527,16472.44427,21593.15232,23927.15186,34423.23671,480189.5751
Texas ,TX,Potter ,48375,24724.71835,25384.97314,26845.99134,22991.66034,29311.39691,15783.55768,21261.69622,21910.25679,34893.88,470788.1253
Texas ,TX,Tarrant ,48439,25798.41977,28863.32946,30489.15083,24698.45604,33977.32771,16943.03912,23229.32188,26462.01145,37843.83577,522114.4067
Texas ,TX,Travis ,48453,23836.51096,27008.46948,30500.64499,24136.7044,31388.52315,16330.51652,19315.43319,21211.9261,33677.72322,471802.2213
Texas ,TX,Williamson ,48491,22203.37136,25038.45668,28964.637,22559.17313,28694.72852,14824.89258,19082.59247,25819.22867,32636.12645,461015.5359
Texas ,TX,Harris ,48201,26628.04689,33021.69804,35374.30908,28619.45409,36416.44606,18472.38867,24509.49295,31195.02491,41510.78488,567030.9876
Texas ,TX,Jefferson ,48245,22731.04479,30459.7498,30116.12826,25605.2415,30963.40889,16383.17585,21162.25992,28495.31226,36649.88123,510523.2743
Texas ,TX,Cameron ,48061,25335.41823,31957.34504,32023.27875,23309.96699,35549.74459,16582.56118,24282.93875,22689.07981,36063.59384,501957.735
Texas ,TX,Dallas ,48113,25321.70996,29131.01088,30311.99904,25190.90769,33778.22937,17000.36465,24083.705,27153.47102,37396.32642,516451.1972
Texas ,TX,Denton ,48121,22529.32344,27069.50886,28131.98078,23699.92696,31656.31611,15637.78806,20868.88958,28380.05172,34113.64056,493567.8799
Texas ,TX,Brazos ,48041,22124.39104,25888.26438,28573.76156,22417.31834,29284.24076,15452.37997,21133.3669,22686.52669,35912.97762,474960.6311
Texas ,TX,Nueces ,48355,26132.14808,28562.36293,30335.44323,25785.86693,33721.97728,16399.58718,23043.73698,24258.85029,38008.64403,500032.4114
Texas ,TX,Collin ,48085,23839.12071,26545.96536,31213.94626,24664.11716,33099.24528,15480.40784,20100.35013,29977.32796,33959.42268,493070.4622
Texas ,TX,Hidalgo ,48215,24677.40628,32514.32587,30894.47885,24495.95797,32006.07003,16863.623,23193.07549,24463.20566,36880.59956,523841.7037
Texas ,TX,El Paso ,48141,22256.28492,29528.45101,29054.65748,23431.44457,32645.45818,15768.12037,23234.30427,24307.74676,36891.42508,482253.6209
Texas ,TX,Fort Bend ,48157,24681.07008,31848.34889,36853.08927,28204.52727,35029.66472,16657.84803,22368.74009,31715.46955,39790.5125,542214.1153
Texas ,TX,Bell ,48027,20321.89049,26660.35929,24687.55006,20313.47308,28462.71362,14424.36561,20010.23577,19884.59344,31585.9489,439823.0163
Texas ,TX,Webb ,48479,25006.31495,39191.05183,33314.4202,22776.23053,41829.24255,18627.78904,25151.61565,26898.82967,47241.00106,576996.8351
Texas ,TX,Galveston ,48167,29531.35712,34584.77957,35277.80486,29418.78935,35255.37605,18544.66912,26103.02088,30713.74328,44219.57911,581997.6577
Texas ,TX,Gregg ,48183,21056.71994,27853.0911,26843.27439,22790.72939,31082.12436,16239.73469,22920.46699,23310.3832,37629.45141,487676.7141
Texas ,TX,Harrison ,48203,23137.66072,28234.84984,25708.54579,20480.38932,30977.55512,14685.59749,21380.15715,19520.72651,31465.55655,451101.9524
Texas ,TX,Lubbock ,48303,23871.59021,25628.95502,28423.98184,25221.87911,30744.59464,16556.27684,20086.30199,24183.01683,33978.70673,489098.642
Texas ,TX,Kaufman ,48257,23230.3698,29884.34204,29240.10074,24403.57762,31618.25386,15803.42023,22042.35585,26970.81106,35978.0155,475474.2867
Texas ,TX,Midland ,48329,18852.12722,22598.00832,23804.24246,21159.8738,26606.67763,13532.03816,17747.04351,24193.70451,27097.86798,418691.3562
Texas ,TX,Ector ,48135,20576.44834,31304.79398,27194.20147,22750.91632,29560.45226,15028.41069,19775.00332,25042.96069,32947.56899,462899.2084
Texas ,TX,Tom Green ,48451,23762.20883,25113.91822,26360.87711,21774.62027,25343.46371,14476.51366,19423.18175,22914.55241,28819.22446,445878.1585
Texas ,TX,Bexar ,48029,22236.13921,27788.46089,28505.67634,23807.90025,32386.46418,15273.60141,21157.17473,24773.38862,36231.2403,474350.487
Texas ,TX,Smith ,48423,23832.93301,27392.44969,28186.23284,23468.96606,31430.68374,15789.38545,20168.84702,23093.11551,34805.35209,464538.6745
Texas ,TX,McLennan ,48309,23933.90109,25508.79422,27378.12366,20386.85447,27088.63272,14988.91081,20456.84843,23834.6212,30684.43548,453647.4045
Texas ,TX,Wichita ,48485,25478.48645,26580.82344,28959.12998,24417.98836,30045.38682,16741.31186,21553.71217,23409.98832,34554.90267,487739.4121
Utah ,UT,Davis ,49011,17939.43199,19622.22096,20946.9808,16190.3388,24079.47065,14047.46866,17063.54634,17286.36868,26663.62699,363237.9279
Utah ,UT,Weber ,49057,19893.53299,19926.45831,20461.69705,16805.41826,24850.08151,14308.25904,18025.06825,19145.79717,30747.62613,398010.1778
Utah ,UT,Washington ,49053,17364.57633,17764.24643,19612.98214,15951.76619,21090.87678,12199.29666,14602.50178,17905.14587,25354.7925,348644.7827
Utah ,UT,Salt Lake ,49035,18924.99132,21272.0249,22891.92888,16948.79948,24955.83665,14485.78161,17989.45498,19785.52456,27391.31292,407292.1117
Virginia ,VA,Alexandria City ,51510,20221.16476,22135.62954,23603.42871,19101.52461,27022.35885,13222.1707,17320.19732,20816.42776,25605.24006,393114.6623
Virginia ,VA,Hampton City ,51650,19983.21033,23254.29662,23277.44677,18381.45185,26629.38462,12603.98768,19146.50991,15800.69179,30451.11967,389932.8555
Virginia ,VA,Lynchburg City ,51680,19452.23862,22652.96669,24758.16303,17733.54863,27320.73328,13488.69514,20447.25136,16251.77123,28497.69853,426501.5708
Virginia ,VA,Norfolk City ,51710,21012.35884,23559.27361,23616.14259,19864.33703,29305.69731,14189.67976,20723.41844,15677.45227,32416.71856,423447.9351
Virginia ,VA,Portsmouth City ,51740,19645.30252,21732.33126,23375.41975,20860.28949,26634.79211,13037.6448,20713.5652,17535.68259,33258.42013,426138.5456
Virginia ,VA,Suffolk City ,51800,17750.59138,22025.66129,22222.62988,18231.85241,23924.24728,11945.70227,17878.60364,19599.29175,26311.41948,368737.6554
Washington ,WA,King ,53033,20473.33739,21350.23278,23842.1632,17291.79543,25583.30437,13880.00532,17426.32746,17571.68414,27018.71916,391044.9594
Washington ,WA,Benton ,53005,21947.98216,21416.30747,23265.09828,17622.02506,25059.33859,13518.07016,18136.28895,18449.75822,30756.99126,386449.5656
Washington ,WA,Spokane ,53063,18514.87009,21426.5556,21547.85454,16690.47213,25340.27181,13590.76771,17246.00946,16372.47271,26810.36583,379268.8628
Washington ,WA,Pierce ,53053,19862.00307,21031.49177,22156.71962,16988.60559,24072.62121,13464.6961,17706.10593,15412.7171,28034.8524,384779.2882
Washington ,WA,Clark ,53011,21331.61035,19952.84134,21618.26372,17622.82757,22430.97459,13810.91687,17715.89067,16024.50973,26323.92784,416213.6959
Washington ,WA,Yakima ,53077,19290.7671,19141.08593,20066.53469,14788.15408,22422.90703,12140.58498,16507.83051,14112.73914,27200.69723,339990.171
West Virginia ,WV,Kanawha ,54039,17106.89177,24915.66385,22254.52441,17072.94445,27787.69082,13019.69378,17668.24567,23095.69359,31585.23587,401357.8166
Wisconsin ,WI,Outagamie ,55087,17460.01856,16496.40902,18924.77094,14461.17189,21450.69358,11449.17474,14432.9808,10450.44171,22203.7127,310836.9506
Wisconsin ,WI,Brown ,55009,18259.45598,19579.68526,21919.03399,14585.53343,22029.92972,12733.23599,15431.43879,11751.67624,25355.42282,346949.9361
Wisconsin ,WI,Kenosha ,55059,19003.56609,21863.22631,22526.4018,17736.74515,26885.06578,13331.70297,17823.15539,14938.81366,26138.28761,391030.1196
Wisconsin ,WI,Dane ,55025,17462.87511,18660.60039,21331.61759,13737.29314,23435.2935,11128.18173,16276.30188,12546.36804,26388.41358,339981.8299
Wisconsin ,WI,Milwaukee ,55079,22691.11262,26175.40733,26255.86146,20399.13726,30162.54353,15669.91621,20924.0993,16840.48069,33196.47838,453795.9176
Wisconsin ,WI,Racine ,55101,21901.77373,23688.10052,25664.33826,19957.05022,28582.42345,14551.96815,19248.44636,15594.48833,28618.10355,432645.9277
Wisconsin ,WI,Waukesha ,55133,19572.45333,21012.75465,23313.00409,18849.76195,26207.9205,13381.80976,16701.37488,14979.06981,29895.74442,405030.6891
Wyoming ,WY,Laramie ,56021,17611.16518,24763.86508,22971.82699,18419.76259,24263.62486,13967.1158,18622.4277,16524.94561,33286.59079,392300.664
