State,StateAbbr,County,CountyFIPS,Asthma,AFHeartDisease,COPD,Depression,HeartFailure,Hypertension,CoronaryArtery,Psychotic,Stroke,TotalCost
Alabama ,AL,Jefferson ,1073,21757.522534,27331.927441,27268.357869,22037.223923,30255.834117,15218.437417,21404.634337,22090.977918,34328.945095,472312.20209350006
Alabama ,AL,Shelby ,1117,20142.96371,24396.688013,24967.366754,20049.308852,27598.770969,14185.835955,17868.764979,26293.132506,32793.998852,435321.6214605
Alabama ,AL,Limestone ,1083,20151.819559,24468.882717,23465.973218,19662.616825,25908.200047,13671.530295,18854.92752,22723.274591,29955.291841,394503.7136105001
Alabama ,AL,Madison ,1089,18124.055919,24523.728054,24563.548339,19842.7471,27227.308408,13421.957182,18385.145594,21603.837987,28306.421685,401355.4595405
Alabama ,AL,Mobile ,1097,24218.415856,25834.220109,26209.46158,20486.648795,27648.647626,15057.360555,19242.935754,19222.354271,31190.397745,438495.25586180005
Alabama ,AL,Montgomery ,1101,23968.606555,27202.70264,30549.184933,23689.232581,31126.5233,14945.3642,20949.477921,25518.943601,34155.242367,504330.20829820004
Alabama ,AL,Tuscaloosa ,1125,22893.2678,23474.524019,25139.459844,22068.427787,28867.387977,14146.489814,20907.527669,22856.144045,34320.166254,449780.57914199994
Alaska ,AK,Anchorage ,2020,19923.03713,18518.851203,22063.30576,16486.593888,24309.738029,12930.101574,16256.220455,12955.542522,28008.90646,346882.02347929997
Arizona ,AZ,Maricopa ,4013,19236.144538,23491.800939,24438.769217,19390.408226,28969.055858,13932.196146,18367.444481,21760.123716,29288.119738,420326.9708162
Arizona ,AZ,Pima ,4019,17771.897759,20259.806206,21949.573816,16725.419259,26127.965936,12572.355264,16780.825407,19943.942673,26421.628733,370244.9558775
Arizona ,AZ,Yuma ,4027,18461.46502,23391.745541,23641.164779,19191.819967,26881.657518,13020.090657,18656.945321,18712.273394,28165.284241,388986.75789700006
Arkansas ,AR,Washington ,5143,20456.90142,22603.447098,24230.162295,18264.644888,28135.116641,14015.771692,18917.881806,16854.574391,32177.926513,403572.6142115
Arkansas ,AR,Sebastian ,5131,21870.865796,25320.950412,26985.488838,20428.186712,29259.417955,14689.822116,19977.932296,26504.730911,35272.566139,449884.77017319994
Arkansas ,AR,Craighead ,5031,22615.961102,24233.515561,24662.531222,20400.104083,30242.775624,14550.521028,19152.09792,22702.661996,30700.643167,459221.619411
Arkansas ,AR,Pulaski ,5119,20203.659348,24421.939577,25123.111897,19196.743531,27733.815917,14173.700151,18041.218615,23062.252283,32743.311748,420419.2274265
Arkansas ,AR,Benton ,5007,19273.245481,23246.002917,22751.612898,18522.71127,25589.473839,13563.935714,16604.220474,21373.864154,30252.586213,408479.86533770006
California ,CA,Orange ,6059,22194.141099,25826.836306,28814.646225,22921.294992,29687.26363,15013.912722,20016.0035,31796.190657,34776.470824,462626.763632
California ,CA,Contra Costa ,6013,19477.736543,22711.079617,25739.062938,18236.522496,27799.568452,13534.709865,19629.286057,15427.686965,28285.995635,400649.40813249996
California ,CA,San Bernardino ,6071,24912.613558,29123.253377,29125.34117,24087.949369,29264.501704,17130.316455,23074.475799,25396.801816,38864.742296,498107.3825280001
California ,CA,Kern ,6029,20367.547378,25978.980211,24668.43177,20777.230789,27740.299864,14628.520332,18533.718196,20981.418073,34076.628468,437797.1160892999
California ,CA,Los Angeles ,6037,26317.957912,32048.491597,34485.545919,26565.501262,33578.031306,18203.50941,23752.01311,36123.131731,42347.153302,551336.090754
California ,CA,San Diego ,6073,21717.601091,24501.603387,27962.088108,21387.881062,27371.921338,15668.638249,20516.77185,26342.99096,31365.2761,464565.2644580001
California ,CA,Sacramento ,6067,19815.857591,21817.248106,23085.052243,17716.945583,25968.812586,13081.641765,19008.750006,16372.107566,27239.497877,389998.82076160004
California ,CA,Riverside ,6065,21023.119655,24306.141142,26672.455652,21472.032546,28406.430709,15348.720685,20029.415963,27376.491535,32800.023612,445971.26541199995
California ,CA,Fresno ,6019,18268.145159,23512.054497,23473.769248,18128.194375,26158.697192,13050.998819,17941.319833,15568.435479,27002.416559,386233.203284
California ,CA,Alameda ,6001,20399.111952,25369.823296,26066.196146,19035.855704,27361.92102,13258.324151,19496.245159,17342.562696,31778.386181,404908.00631559995
California ,CA,San Joaquin ,6077,17933.244856,22707.055228,23641.287473,18664.867325,25452.676587,12488.13899,17171.694633,17261.293232,28286.403779,384020.798674
California ,CA,Santa Clara ,6085,20337.211021,22667.468515,25542.770534,19133.035586,27254.169376,12852.026746,18076.991087,16336.478507,30041.293424,390208.7191477
California ,CA,Stanislaus ,6099,20396.577626,23532.504542,23621.777463,17795.909913,27268.215123,13487.126547,18098.96674,16426.955498,33128.637803,395375.61882310006
California ,CA,Ventura ,6111,20272.668283,24046.543949,26617.070353,20210.914086,28286.166724,14173.965723,18783.866494,24257.668157,29854.007959,436791.41302359995
California ,CA,Shasta ,6089,17430.595536,19141.844215,20849.460634,16053.940527,23175.78374,12509.103646,16251.631471,15495.075665,22839.976505,349973.124969
California ,CA,San Mateo ,6081,17253.615701,20874.696704,22390.828868,17821.84942,24731.277545,11839.192678,16933.613341,19168.289747,27113.510063,358741.9473983
California ,CA,Placer ,6061,15080.866264,17150.557998,19948.413101,15379.232482,22358.92691,11326.887556,15341.337813,14461.61539,23194.532654,322652.433244
California ,CA,Monterey ,6053,18298.839546,21022.434337,23209.685162,17511.570525,26989.764173,11639.496152,16459.958945,14435.485463,26880.29262,359131.784483
California ,CA,San Francisco ,6075,18062.174234,22319.107755,20566.517814,15405.16289,25225.18039,11320.037301,18238.195659,13585.265645,29585.250995,348385.5746389
California ,CA,Santa Barbara ,6083,17541.081094,18732.230801,21141.217013,16337.133001,22189.452387,12122.736132,15789.072412,17910.187622,26043.321653,373415.61169409996
California ,CA,Solano ,6095,19080.711548,23443.240953,24193.115575,18185.557133,28023.839785,13868.847757,19770.052225,14585.312586,30053.044199,385473.9306013
Colorado ,CO,Jefferson ,8059,19821.609158,21848.684571,21789.897732,18457.135991,25924.696089,14849.134969,18117.874767,15832.302454,30920.191755,408071.691361
Colorado ,CO,Adams ,8001,22979.728974,26772.649769,24337.014913,20649.152309,28562.531496,15948.26037,20310.614417,18049.244493,31011.616742,435837.5678688999
Colorado ,CO,Arapahoe ,8005,21538.568256,24920.819944,25506.945151,21066.709047,28671.697659,15575.077682,19983.534713,16952.711864,31672.354179,426562.8203836
Colorado ,CO,Douglas ,8035,19637.635796,21599.489187,24084.601903,20757.022179,26561.080676,14606.062931,17447.18955,19700.102912,28455.660605,429296.009864
Colorado ,CO,Boulder ,8013,18472.209451,21869.968073,23066.495482,17152.758924,27285.582545,15003.926262,15498.496414,14785.107811,29225.26908,394546.6618092
Colorado ,CO,El Paso ,8041,19300.303447,21794.346146,21259.833181,17730.276289,24170.221916,13224.390391,16706.950892,14889.008677,27805.495547,364140.4867613
Colorado ,CO,Denver ,8031,23487.165197,25884.983245,25955.959092,20382.503209,29112.751964,16534.342539,20686.375519,16895.127802,35344.05376,452752.4333039999
Colorado ,CO,Larimer ,8069,19619.765958,20467.496293,22411.656212,17836.983834,26524.892338,13680.361249,16899.219782,20200.770909,29094.217684,396296.64520100004
Colorado ,CO,Weld ,8123,22921.859241,23018.708848,23010.771715,20107.525381,25651.441353,14440.801607,18397.298197,17302.484814,29371.998821,428012.316576
Colorado ,CO,Pueblo ,8101,17879.246891,24049.560516,22010.096989,17694.366924,25110.141893,13897.764891,18659.701524,14036.114786,32595.469094,394915.0091628999
Florida ,FL,Palm Beach ,12099,22983.187704,27204.387395,29029.100363,24234.939244,30672.909485,16468.381215,19733.854981,32023.17198,31760.272432,490437.055587
Florida ,FL,Lee ,12071,19483.056692,23456.891873,24131.607061,20257.856627,28138.678765,13806.425511,17496.605188,26690.475507,27055.001011,421658.2902529
Florida ,FL,Pinellas ,12103,26037.994143,28435.236554,30277.098869,25435.2548,33713.663063,17295.195547,22787.108849,30205.102094,34950.105772,524112.72189899994
Florida ,FL,Broward ,12011,25733.659482,30633.832584,31827.40696,26313.99713,35668.855973,18110.379449,22623.951597,30661.170687,38917.495744,537083.012458
Florida ,FL,Alachua ,12001,21192.669543,25671.734228,26788.088775,22705.149311,30102.248376,14669.795856,20405.720165,20792.304188,32002.918962,452849.38285969995
Florida ,FL,Duval ,12031,24093.422784,29844.243889,29645.222889,25035.093408,34027.363661,16532.482787,22872.16213,25417.691809,35756.076038,512074.8095491
Florida ,FL,Polk ,12105,22820.69818,26430.517019,26701.42052,23334.922638,31544.944053,14934.097,19765.380334,29011.482456,34408.517819,474508.44582779997
Florida ,FL,Brevard ,12009,19666.766565,24950.531644,24445.512391,21796.891999,27642.535654,14235.089348,18550.749433,26026.415315,30103.430729,442905.2823559999
Florida ,FL,Miami-Dade ,12086,25759.518754,34863.12107,33041.514438,25963.542452,36483.319524,19481.571126,23877.916866,29533.64883,39708.521749,559192.7230219999
Florida ,FL,Orange ,12095,23496.318539,30307.218921,30822.389413,26326.832292,34144.83623,16545.875899,21842.476674,29018.024959,39777.760678,520196.7945411999
Florida ,FL,St. Lucie ,12111,20769.970965,27337.179792,26410.199188,22984.742027,30705.852668,15186.868123,19078.139504,27312.241556,32245.363137,464711.5310582001
Florida ,FL,Leon ,12073,21447.658316,23469.911547,25236.542481,20991.552002,27700.733957,14991.420571,19433.347102,22320.661201,32305.027822,449365.3020105
Florida ,FL,Hillsborough ,12057,23459.395685,29178.480359,29114.383515,24181.124173,34105.598158,16398.665723,21654.755886,28316.306131,33592.701969,508449.64074959996
Georgia ,GA,Dougherty ,13095,20608.177385,26637.867558,23294.491648,17743.230625,30848.815785,13137.4073,21449.303873,17529.303286,30582.647825,422178.576073
Georgia ,GA,DeKalb ,13089,20311.194314,24664.936986,29095.689212,21027.891196,32081.067068,15001.212208,22135.647971,18581.258553,34632.627182,447471.759156
Georgia ,GA,Fulton ,13121,22495.456353,25374.687871,29602.836476,21772.23031,32279.484419,15128.519135,20835.595079,21293.114592,31961.249946,467921.9095165
Georgia ,GA,Richmond ,13245,20062.921408,28425.764052,25288.515166,21568.574962,31754.551658,15164.499576,21804.780297,18338.670048,36616.986703,475220.866808
Georgia ,GA,Bibb ,13021,22652.297918,27523.083739,27446.060331,20031.703273,30683.36387,14557.023005,21223.411776,19176.356645,31573.548573,451187.3148355
Georgia ,GA,Jones ,13169,21339.43457,25241.359498,21534.366112,17517.47794,27988.442355,12730.916831,17800.349153,11542.231039,31289.146618,365287.96886799997
Georgia ,GA,Chatham ,13051,20546.093345,24569.253449,24512.146518,21238.545547,31091.751271,13731.79882,19022.541033,20249.732795,31770.586077,431770.8848034
Georgia ,GA,Houston ,13153,20133.032384,24213.995978,24261.04747,19676.409856,27536.14192,13208.831741,19018.911472,19618.359381,31757.187827,413921.4490924
Georgia ,GA,Peach ,13225,20963.09151,23813.016356,21634.32,19644.615725,28037.920443,13160.679213,19435.697888,21127.517468,37050.19832,402257.349199
Hawaii ,HI,Honolulu ,15003,16288.059267,20139.623562,19497.119663,17114.479582,25979.219565,9743.8775805,16340.128257,17665.338267,21410.292397,342036.0187327
Idaho ,ID,Ada ,16001,19280.939749,19484.380579,20634.140506,15222.030518,23063.12217,12851.154859,16617.097227,15920.768733,27094.588709,360557.31414229993
Illinois ,IL,Cook ,17031,24566.8071,29508.39625,29996.591612,25585.07909,31227.098889,16179.699547,22900.074311,26518.92074,37527.500167,508205.552917
Illinois ,IL,DuPage ,17043,21746.069928,25206.989998,27134.337248,23206.21038,29496.659599,14448.260937,19074.031197,26115.73658,33783.601786,456624.0553826
Illinois ,IL,McLean ,17113,17527.014863,18736.757073,19768.45589,16271.110929,23159.672179,11564.096956,14790.492034,18984.727627,21251.658935,339392.408635
Illinois ,IL,Macon ,17115,20896.857504,23542.818633,23462.639966,19488.152419,24691.305541,13230.947433,16359.367499,18094.217806,31268.53692,411548.08302699996
Illinois ,IL,Kane ,17089,22241.255903,26021.818451,28096.626376,23915.240602,31071.307655,15047.766862,20606.604253,26053.149192,34398.175689,598491.5583450001
Illinois ,IL,Will ,17197,24298.239243,28027.507432,28943.086331,25164.09176,31482.028935,15357.359238,21221.538555,28042.703127,37160.654481,492604.5475528
Illinois ,IL,Peoria ,17143,20115.417578,20554.705654,21520.948416,18016.565209,25259.06679,12555.58904,17315.815086,19569.755392,25340.720046,391861.97179200005
Illinois ,IL,Winnebago ,17201,23761.546499,22839.80786,24333.568177,20587.273758,25631.158016,14220.778798,19054.834564,18892.210562,31237.062022,432793.33863760007
Illinois ,IL,Sangamon ,17167,21236.935057,23195.543156,22935.71215,18396.445762,25745.007852,14032.098375,17460.148686,18143.610176,31514.789337,424961.42708299996
Illinois ,IL,Lake ,17097,21728.876732,24493.014813,26904.705359,22441.936166,29018.705554,14671.545861,19870.709781,24725.230229,30408.095726,468590.897875
Indiana ,IN,Monroe ,18105,16334.63165,18293.599812,21053.544392,16734.683672,24445.251149,12274.411267,16327.316291,15862.526468,25896.985373,342071.8707061
Indiana ,IN,Hamilton ,18057,18495.46468,22586.749312,24458.29815,18941.721341,26305.499795,13142.067391,16947.793233,20472.371399,28163.818211,399536.1407771
Indiana ,IN,Vanderburgh ,18163,23023.590983,25413.057968,25459.392282,20321.257494,29292.433426,14410.252679,20619.032538,18435.179487,31329.601119,436323.4935277001
Indiana ,IN,Allen ,18003,21144.644575,24997.274136,25026.295662,18957.793214,28375.257229,13797.88996,18153.489248,17587.813058,30996.904398,416618.268033
Indiana ,IN,Lake ,18089,25690.848222,31262.218765,30135.38698,27048.038994,33266.454188,17093.033963,23871.656583,27623.907921,39199.557662,542225.6803117
New York ,NY,New York ,36061,20922.047198,26173.786661,26509.528442,21898.22609,28957.013222,15982.742304,19155.970709,22371.817026,30994.654691,442088.0268581001
Indiana ,IN,Marion ,18097,22896.529094,27441.853278,25167.403912,21690.782608,29601.101923,15746.187742,21134.834383,20473.611944,34962.815653,466374.4654021
Indiana ,IN,Tippecanoe ,18157,22169.1987,24700.547588,25920.897703,20730.169979,28613.406513,13996.636396,19670.874778,21946.449193,28041.038015,477502.67370379996
Indiana ,IN,Delaware ,18035,21978.16431,25894.178676,22467.758499,20712.660954,27446.488954,13933.319225,19512.659636,24414.703457,31609.220854,428267.3609524
Indiana ,IN,St. Joseph ,18141,20672.432361,19935.590081,23199.982965,18728.135861,25080.100018,13358.273844,17317.08799,18192.802053,29258.514882,406839.6668439
Iowa ,IA,Linn ,19113,19639.677428,19731.790516,20326.406607,14744.060865,23754.073553,12139.410407,16575.191368,13791.996409,28521.407018,366052.86417929997
Iowa ,IA,Polk ,19153,17802.741587,18745.085796,18975.309952,14275.339011,22328.509483,11479.976472,14642.664964,13365.598485,22523.715259,322357.30113850004
Iowa ,IA,Johnson ,19103,17407.600208,18275.30936,21549.953559,14299.970169,22757.107488,11684.560658,15971.964492,13719.976454,23036.47416,330178.87031389994
Iowa ,IA,Woodbury ,19193,18983.026957,21471.313238,20592.732441,15695.289041,24001.961345,12944.130511,17081.999153,11890.674784,25759.345499,355299.58004239993
Iowa ,IA,Black Hawk ,19013,18992.050949,22009.521309,22537.684596,15435.321517,24087.246018,13290.205074,16607.400641,12850.509532,25658.463319,376661.1710942
Kansas ,KS,Wyandotte ,20209,28821.381781,29447.017239,28680.09965,25449.726485,32929.87234,16846.588492,23254.841151,23231.976345,39833.013146,509643.657441
Kansas ,KS,Douglas ,20045,17527.977722,19264.193942,20235.729707,16357.147493,25481.148548,13002.21626,15974.014537,16804.83026,23894.394379,380901.809738
Kansas ,KS,Johnson ,20091,21116.540721,24446.908713,26566.288829,20793.733456,29571.51676,14695.389818,17735.420952,19832.106028,30735.015408,519197.71325910004
Kansas ,KS,Shawnee ,20177,21605.843333,24393.219636,23633.268938,18524.471118,28374.514289,13851.962987,18741.861512,20218.987282,32543.343526,433111.94754799997
Kansas ,KS,Sedgwick ,20173,21902.962697,23647.507198,23453.355338,19278.337167,26033.840246,14125.344342,17975.110893,17855.80668,29734.203117,408740.70900529996
Kentucky ,KY,Fayette ,21067,19251.800344,23928.679556,24373.126182,18838.390117,29245.392461,13688.388327,19912.233049,19286.729585,28285.067753,406063.1274795
Kentucky ,KY,Jefferson ,21111,21896.82898,24139.003133,25430.724132,19949.315113,28152.038776,14061.87262,19760.355102,20588.167873,31053.228786,434746.6034695999
Louisiana ,LA,East Baton Rouge ,22033,24268.917384,25549.730578,28323.075662,22477.848436,31481.676624,15857.073556,20882.979042,28873.622319,32990.689542,494330.5361250001
Louisiana ,LA,Lafayette ,22055,24087.872745,26389.391866,29567.649426,23877.698793,30256.74838,14935.615655,18149.613578,28050.775167,31741.191276,484842.59506089997
Louisiana ,LA,Calcasieu ,22019,23597.037823,24349.200451,26541.938818,22660.938406,29660.697207,14210.301646,19057.855091,25855.071912,32889.632173,461022.85890399996
Louisiana ,LA,Orleans ,22071,20649.903276,27343.85175,27196.658082,22626.569003,30398.594829,15392.603468,22920.178071,25557.063548,37125.324298,464425.50984530005
Louisiana ,LA,Bossier ,22015,25804.136742,30176.92656,28999.285432,26418.729025,33956.339098,16434.832081,21254.033955,28831.206362,33631.882289,493373.9628380999
Louisiana ,LA,Caddo ,22017,26016.933156,29314.574206,31245.240408,25818.588276,34209.605874,16852.17054,22954.968446,27427.373237,38729.241277,522010.8934477001
Maryland ,MD,Baltimore City ,24510,24970.525663,33989.473629,29864.144676,24576.95238,34363.556899,16804.670219,26169.994717,20921.719211,38623.464845,517860.10752270004
Massachusetts ,MA,Suffolk ,25025,21803.809957,27894.336719,25819.763377,18817.494902,29561.12044,14678.646861,21912.035995,17915.69071,32181.053501,433702.27681839996
Michigan ,MI,Wayne ,26163,25792.978218,32738.891453,29085.559995,25089.886739,30795.78396,16993.022002,22985.66208,23552.44717,39944.46171,522474.260329
Michigan ,MI,Kent ,26081,20488.046986,21937.916584,23704.604776,17539.298737,26437.029949,13800.289318,18563.64028,16311.567583,30184.730849,404829.008304
Michigan ,MI,Kalamazoo ,26077,19837.142883,19898.173446,21217.596392,16474.704412,24110.965003,12825.870253,16891.420217,16631.758262,27047.772244,371597.5768495
Michigan ,MI,Ingham ,26065,20741.991468,25272.299907,24100.485753,18893.480851,27728.117787,14008.161124,19296.671833,19401.476393,32102.449224,424988.8577827
Michigan ,MI,Oakland ,26125,23007.632395,27550.698104,28169.612002,24403.299697,29762.096014,15853.394887,19896.337251,25912.129893,34125.405787,485481.17370499996
Michigan ,MI,Macomb ,26099,23515.914985,28062.219267,27891.433581,23343.950443,29650.172671,15632.220117,19885.77846,25759.952494,34603.101018,482210.7903319
Minnesota ,MN,St. Louis ,27137,21407.89309,21474.072565,22432.942718,15167.640648,23552.573731,14645.087143,17331.457725,14736.04979,25815.52673,363174.11302029993
Minnesota ,MN,Olmsted ,27109,17700.750884,20432.247064,23905.2353,16796.776949,23787.707381,14399.120416,16254.495309,14899.103916,25206.601921,391404.5548128
Mississippi ,MS,Harrison ,28047,24567.594345,27980.490439,28027.413737,22367.889043,33273.764587,15974.732198,21401.12723,23752.909878,35936.827909,490238.86555999995
Mississippi ,MS,Hinds ,28049,24302.530718,27475.872432,31273.49438,23942.601021,33998.743413,15919.497661,23024.19492,26541.305462,38571.373065,521601.718486
Mississippi ,MS,Madison ,28089,22241.343619,22823.928479,25611.839524,20237.18714,29183.667828,14439.076514,18126.505976,22156.96937,29816.542495,436768.6499354
Missouri ,MO,Boone ,29019,22367.954335,22752.280828,24564.767553,17537.825778,27627.805275,14163.819243,18270.452839,15805.84132,29710.573129,401012.6682688
Missouri ,MO,Jackson ,29095,23838.147205,27509.453713,27981.726477,22348.693462,32563.071153,16212.934833,21154.456403,19259.474986,37356.678885,470859.9037915
Missouri ,MO,Cass ,29037,23080.940021,25710.113617,26767.871245,22475.683146,30094.767416,15406.619291,19282.065895,21212.789565,34475.295765,472257.10729099996
Missouri ,MO,Clay ,29047,20392.34672,23781.543343,23803.154184,20318.020626,28427.0085,14309.598377,17548.793415,20061.554945,28611.254236,426056.0347887
Missouri ,MO,Platte ,29165,19925.409848,24975.224427,23714.259835,21091.854764,28092.985051,14371.252713,17404.354205,17285.199765,30405.720833,406065.9175336
Missouri ,MO,St. Charles ,29183,21250.365324,23648.80841,23706.927493,18913.194407,27156.778697,14039.833586,18932.185691,19674.226528,29823.18653,459176.1464728
Missouri ,MO,Buchanan ,29021,21887.89057,23302.667515,21633.78204,18897.598747,27587.318834,13679.506468,18094.323814,15666.033248,30650.01498,437233.7571692
Missouri ,MO,Greene ,29077,20560.438165,21381.415021,21391.089086,16412.124727,25126.280152,13146.709203,17970.561183,16004.625176,27776.029204,368121.0696848
Montana ,MT,Yellowstone ,30111,19554.868796,21408.594068,20802.42793,15349.033141,22875.349584,13437.948024,16406.931192,15209.136271,28013.813747,388275.3503977
Montana ,MT,Missoula ,30063,16651.921046,18122.386138,19985.674834,14513.480548,21871.859716,12702.983167,14986.657476,11604.185256,20140.382262,327098.20069140004
Nebraska ,NE,Lancaster ,31109,18802.850598,21372.1261,22645.963752,17907.225452,24570.84963,13450.304315,17230.175358,17008.283211,27298.099419,402345.6190371
Nebraska ,NE,Douglas ,31055,21937.649423,23328.81253,23326.656773,18806.461353,27349.529525,14339.774713,18398.11686,16194.451953,30870.707268,416488.5648131
Nevada ,NV,Clark ,32003,23819.309701,31671.514228,31369.041276,25836.263593,34666.50317,16682.891538,22140.663356,30222.275378,39607.884077,525422.3289977
Nevada ,NV,Washoe ,32031,18529.427832,20566.429118,22286.36818,17595.292694,26191.296691,12722.691984,17172.155904,16531.332897,26262.19136,374897.15683299996
New Jersey ,NJ,Hudson ,34017,22889.163601,30574.794079,28584.11398,25493.122898,30646.504892,15295.627765,20200.157265,20792.24093,34448.845939,471599.1068339
New Jersey ,NJ,Essex ,34013,24850.954109,29697.591171,33968.098064,27142.35402,33022.002487,16388.028985,23017.150148,24640.496119,39705.536389,524982.501068
New Mexico ,NM,Bernalillo ,35001,16280.055801,22103.593836,21146.281285,15228.150144,25967.312643,13086.807397,17398.624294,15781.705786,30071.538223,357455.3974773
New Mexico ,NM,Dona Ana ,35013,17546.199144,24862.985436,25010.867943,19073.690817,28416.834616,13304.850805,18701.237133,19642.610565,29872.398503,412447.95365199994
New Mexico ,NM,Santa Fe ,35049,11756.075039,17790.90804,17916.643511,13256.105562,22268.852525,10663.788425,13620.303585,14291.715377,22427.129689,298209.2825252
New York ,NY,Bronx ,36005,22356.10797,31622.316653,29404.487391,25192.61023,30588.459598,16618.346606,22770.710707,22654.562136,35593.72887,487445.1598626
New York ,NY,Kings ,36047,22704.025971,30388.557147,28992.375142,24594.627407,26906.556392,16212.927015,20432.130324,23255.014587,35078.970724,472848.7918581001
New York ,NY,Queens ,36081,22416.478312,27614.887625,27459.697602,24961.731589,27598.073744,15289.433919,19743.520857,23261.590959,32313.978254,451012.68059580005
New York ,NY,Richmond ,36085,20603.590271,27125.179581,26002.1353,23281.149102,26863.626991,14467.517641,18567.6327,20501.860923,32855.101943,436155.57296230004
New York ,NY,Onondaga ,36067,17861.143631,20775.704062,21859.192235,17216.348339,27184.165306,12450.906875,17979.929831,14949.506631,27049.772581,382742.3371213
North Carolina ,NC,Buncombe ,37021,19075.314732,19642.132136,21263.757507,15657.963811,24370.736138,12405.518191,16665.288352,18247.254056,26152.450277,366787.54415739997
North Carolina ,NC,Wake ,37183,19526.24434,21262.75933,23309.652403,17990.662369,27375.17703,12834.780225,17889.170501,17041.705418,27910.200277,393113.6493815
North Carolina ,NC,Mecklenburg ,37119,20298.295864,21548.128065,24334.774017,19697.508889,28232.254339,13724.984316,18125.572357,17525.456781,28403.48803,416108.50136530004
North Carolina ,NC,Cabarrus ,37025,22101.354979,23058.629015,24385.820722,20289.617103,28618.544737,14414.741968,19364.95827,22355.277129,30174.084254,429490.6172696
North Carolina ,NC,Cumberland ,37051,20079.666722,23642.537441,23738.136421,18534.637581,28402.946877,13147.898148,18741.520545,18611.674586,28978.785977,412596.5165092999
North Carolina ,NC,Gaston ,37071,21717.853411,24207.842402,23039.8712,18766.915238,27374.94291,14185.109429,19625.087398,22456.457943,29060.778216,424221.972492
North Carolina ,NC,Guilford ,37081,18683.907878,21387.175483,23094.924673,17324.791061,25889.107886,13295.765725,18271.968751,16930.935113,26381.657939,381917.950777
North Carolina ,NC,Pitt ,37147,26019.835185,25234.716731,25519.392732,19990.573401,29202.419007,13484.382495,19788.943546,15362.783387,34356.944085,434446.7744493
North Carolina ,NC,Davidson ,37057,19474.890372,22558.07273,20581.213235,18483.682712,27226.08362,13022.044084,18288.240242,16824.444854,29670.997159,403789.0687090001
North Carolina ,NC,Onslow ,37133,20189.25838,23244.864728,21172.124738,17689.842627,26034.200042,12805.999156,17768.179091,12627.616345,25908.454883,387935.0982196
North Carolina ,NC,Forsyth ,37067,18885.766902,22678.260335,21172.315776,17647.092453,28375.298087,13781.484219,18708.705565,17961.772791,31136.723905,407293.5141441
North Dakota ,ND,Cass ,38017,20066.665644,23404.868164,24212.465041,15964.693255,25904.00762,13565.558367,18006.020831,14949.30701,27053.018747,380912.3513044
Ohio ,OH,Summit ,39153,20838.034303,25476.06134,25237.774193,20190.768569,27892.530197,14078.453843,19489.778734,18212.496756,30718.717047,425528.84704069997
Ohio ,OH,Stark ,39151,19090.008225,24630.867816,24387.648125,19704.192818,26375.024576,13481.542583,18727.802613,22063.869034,31791.389983,419386.83497409994
Ohio ,OH,Hamilton ,39061,22699.020101,25644.795749,26817.577425,21600.208996,29100.077303,14790.941716,21079.499503,20353.513931,32441.396258,459380.2005142
Ohio ,OH,Cuyahoga ,39035,23552.223004,26114.684259,28083.12507,21800.918609,29185.602886,15119.154402,20912.66491,22384.010102,34231.457961,468337.77432250004
Ohio ,OH,Franklin ,39049,21489.960753,25799.05324,25034.829558,19750.149913,29573.400864,14510.790808,20152.486934,20242.163749,33262.688071,451814.70725539996
Ohio ,OH,Montgomery ,39113,23623.399416,27018.422452,26738.005413,21397.462296,30378.150577,14854.42701,20766.798872,23646.643694,32409.374938,457897.964962
Ohio ,OH,Lucas ,39095,21618.527645,27210.148295,25398.017783,21054.63173,28238.578722,14451.011347,20485.090715,21434.449604,32564.974941,444690.98553390004
Ohio ,OH,Mahoning ,39099,22108.204137,24782.112438,25934.072652,21221.508923,29174.077305,14279.845447,19115.024419,22173.859694,31786.831431,462560.906283
Oklahoma ,OK,Tulsa ,40143,23293.860535,26915.27846,26955.453957,21213.485982,30189.649114,15694.780992,20873.182787,21444.011716,34207.728105,463369.5758379
Oklahoma ,OK,Wagoner ,40145,20395.966373,26622.57022,24624.105772,20363.202723,29087.748246,14990.890812,19303.733152,21817.327393,29468.272308,426360.564373
Oklahoma ,OK,Oklahoma ,40109,22662.399378,25624.489823,25913.964115,21702.278406,28376.481944,15379.582549,18829.018754,25510.348173,32515.594877,453379.67584419996
Oklahoma ,OK,Comanche ,40031,20870.759446,24722.804929,23140.294153,20159.783162,22962.938947,13887.748001,16700.461472,18765.657139,27509.414138,404953.78252
Oklahoma ,OK,Cleveland ,40027,20438.31127,24674.764539,24517.193792,21065.933828,28757.713513,14309.904329,17355.676951,24232.780426,31127.668043,419517.6663531
Oklahoma ,OK,Canadian ,40017,19702.81022,23017.270765,23933.275656,19274.61462,26654.360895,13899.607876,17511.760725,24916.015,28735.456143,444111.002728
Oklahoma ,OK,Pottawatomie ,40125,22696.061221,25064.676233,23271.705576,20082.141462,27438.448496,14157.513315,18255.834965,17949.846447,31204.866954,403271.065044
Oklahoma ,OK,Osage ,40113,25483.953031,26473.759875,25536.996258,22710.22011,29257.669931,15422.090897,20706.687221,27434.312037,35280.655061,465234.604605
Oregon ,OR,Washington ,41067,18194.663709,19026.677545,21608.67346,15107.890962,22324.795539,13146.902473,17162.630044,14093.16183,23588.87757,348241.444654
Oregon ,OR,Deschutes ,41017,14399.467715,17417.899081,17946.58565,13714.317591,22158.125768,11056.195578,12301.186391,15390.05577,21247.55817,301901.7604899
Oregon ,OR,Lane ,41039,17835.063221,19465.291287,19220.300264,13872.752154,23034.711853,12717.667827,16799.412489,12863.623263,25054.599641,333310.1395568
Oregon ,OR,Multnomah ,41051,19539.862725,21689.797973,22424.274684,15669.723273,24263.593687,14527.335005,18591.345116,15367.135144,26078.534488,377201.715708
Oregon ,OR,Jackson ,41029,18390.58073,19115.927265,19722.317049,14879.629293,22521.426034,12480.225884,16263.40741,13137.766176,24144.911672,333986.01255860005
Oregon ,OR,Clackamas ,41005,18215.202895,18221.099902,21052.617787,15487.291647,22849.702877,12795.784716,17038.733749,16317.282208,26419.744601,363928.2439554
Oregon ,OR,Marion ,41047,21009.069476,20228.882862,22798.246125,16326.412591,24436.096795,13299.706704,16726.743516,12498.409929,25652.072297,369293.60915709997
Pennsylvania ,PA,Philadelphia ,42101,21495.212663,30535.482363,27979.751247,22523.755439,31238.390216,15962.809229,22763.864502,20209.117207,35483.75507,468476.320309
Pennsylvania ,PA,Allegheny ,42003,22910.274745,27300.704925,28715.823429,22186.807228,32005.097297,16069.413522,22286.688821,21391.12964,34697.580999,476098.29686
South Carolina ,SC,Berkeley ,45015,18563.494599,24965.471709,21504.716488,18901.039918,27386.206622,12596.896702,18602.354379,21533.551878,27910.267546,402294.9829439
South Carolina ,SC,Charleston ,45019,19086.277079,23265.299224,22716.470159,18860.914429,29347.134441,13189.84081,18379.814121,20548.51204,29581.060402,420693.7731714
South Carolina ,SC,Lexington ,45063,19564.381291,22380.156778,23438.847175,17301.638153,26372.994473,12431.966379,16653.104024,20399.047616,26845.74,399250.09182030003
South Carolina ,SC,Richland ,45079,19182.548871,22844.056575,24615.64359,18538.392108,26730.710532,12684.030381,17471.437194,16075.513463,32396.992442,404347.0494763
South Carolina ,SC,York ,45091,18138.988859,20305.475738,22806.843915,17908.220586,29123.086893,12449.809064,16716.890915,21625.998987,26363.765541,404004.78987429995
South Dakota ,SD,Pennington ,46103,15665.086259,19952.057819,21286.579784,14967.723364,25004.16797,12653.355274,16512.868249,13154.457041,28653.90225,381057.65289489995
South Dakota ,SD,Minnehaha ,46099,19390.952972,20925.885181,21703.079939,17276.532891,24929.405544,13552.109771,15927.133612,14143.729801,25911.451226,360695.7412256999
Tennessee ,TN,Hamilton ,47065,20060.630559,24559.089329,25833.451217,20672.795705,27752.165597,14347.770073,19377.048568,21678.91392,32163.348575,439820.796016
Tennessee ,TN,Knox ,47093,17612.678775,23035.222764,21948.181445,17826.441765,27277.451732,13380.874389,18143.246352,21802.715996,29331.801851,392425.12863540003
Tennessee ,TN,Shelby ,47157,23130.860632,25920.912657,29061.869247,22935.48089,30508.684563,14811.757295,20514.33747,24680.949571,34662.067177,484788.6027386
Tennessee ,TN,Rutherford ,47149,20727.060528,22931.200341,23180.141088,19426.936253,25843.827165,13032.308061,17959.904323,25118.773004,25853.628453,408208.54878789996
Tennessee ,TN,Davidson ,47037,23529.385294,26366.826663,27429.969067,22472.199911,28389.636853,15309.105644,20994.592811,25018.383801,34259.701623,471301.414387
Texas ,TX,Jones ,48253,25137.128652,26521.791627,25850.743548,24938.706781,27774.923522,16552.229653,20236.254492,32428.750725,41263.594646,470300.647481
Texas ,TX,Taylor ,48441,25470.018915,27786.805695,26892.555208,23434.862632,29710.395269,16472.444265,21593.152321,23927.151855,34423.236713,480189.5751268
Texas ,TX,Potter ,48375,24724.71835,25384.973137,26845.991336,22991.660343,29311.396912,15783.557679,21261.696219,21910.256792,34893.88,470788.12531199993
Texas ,TX,Tarrant ,48439,25798.419772,28863.32946,30489.15083,24698.456037,33977.327709,16943.039121,23229.321883,26462.011447,37843.835769,522114.40669430007
Texas ,TX,Travis ,48453,23836.510959,27008.469475,30500.644987,24136.704396,31388.523154,16330.516517,19315.433193,21211.926099,33677.723221,471802.2212926999
Texas ,TX,Williamson ,48491,22203.371363,25038.456681,28964.637001,22559.173132,28694.728515,14824.892578,19082.592473,25819.228671,32636.126451,461015.53588970006
Texas ,TX,Harris ,48201,26628.046885,33021.698042,35374.309076,28619.454092,36416.446064,18472.38867,24509.49295,31195.024906,41510.784878,567030.9876125
Texas ,TX,Jefferson ,48245,22731.044787,30459.749801,30116.128259,25605.241499,30963.408892,16383.175851,21162.259921,28495.312255,36649.881227,510523.27429599996
Texas ,TX,Cameron ,48061,25335.418231,31957.345035,32023.278748,23309.966993,35549.744586,16582.561185,24282.938751,22689.079805,36063.593844,501957.73498
Texas ,TX,Dallas ,48113,25321.70996,29131.010879,30311.999039,25190.907687,33778.229369,17000.36465,24083.704996,27153.47102,37396.326415,516451.197204
Texas ,TX,Denton ,48121,22529.323438,27069.508857,28131.980783,23699.926955,31656.316112,15637.788062,20868.889578,28380.051724,34113.640564,493567.87994220003
Texas ,TX,Brazos ,48041,22124.391035,25888.26438,28573.761556,22417.318343,29284.240761,15452.379974,21133.366903,22686.526691,35912.977623,474960.6310759999
Texas ,TX,Nueces ,48355,26132.148081,28562.362933,30335.443228,25785.866927,33721.977284,16399.587175,23043.736977,24258.850288,38008.64403,500032.4113654
Texas ,TX,Collin ,48085,23839.120712,26545.96536,31213.94626,24664.117163,33099.245275,15480.407837,20100.350127,29977.327962,33959.422681,493070.4621777
Texas ,TX,Hidalgo ,48215,24677.406283,32514.325874,30894.478846,24495.957973,32006.070031,16863.622995,23193.075486,24463.205659,36880.599564,523841.7037289999
Texas ,TX,El Paso ,48141,22256.284921,29528.451015,29054.657483,23431.444566,32645.45818,15768.120365,23234.30427,24307.746759,36891.42508,482253.6209196
Texas ,TX,Fort Bend ,48157,24681.07008,31848.348893,36853.089274,28204.527272,35029.664715,16657.848031,22368.740089,31715.469548,39790.5125,542214.1152688001
Texas ,TX,Bell ,48027,20321.890494,26660.359292,24687.550059,20313.473076,28462.71362,14424.365614,20010.23577,19884.593439,31585.948899,439823.01629800006
Texas ,TX,Webb ,48479,25006.31495,39191.051832,33314.420195,22776.230527,41829.242551,18627.78904,25151.615645,26898.829666,47241.001055,576996.8351050001
Texas ,TX,Galveston ,48167,29531.357122,34584.779566,35277.804857,29418.789347,35255.376046,18544.669119,26103.02088,30713.743282,44219.579108,581997.6577300001
Texas ,TX,Gregg ,48183,21056.719938,27853.091096,26843.274391,22790.729391,31082.124357,16239.734691,22920.466994,23310.383197,37629.45141,487676.71410790004
Texas ,TX,Harrison ,48203,23137.660724,28234.849841,25708.545785,20480.389317,30977.555116,14685.597486,21380.15715,19520.726513,31465.55655,451101.95244100003
Texas ,TX,Lubbock ,48303,23871.59021,25628.955015,28423.981842,25221.879109,30744.59464,16556.27684,20086.301989,24183.016833,33978.706729,489098.6419603999
Texas ,TX,Kaufman ,48257,23230.369798,29884.342037,29240.100743,24403.577619,31618.253862,15803.42023,22042.355848,26970.811063,35978.015503,475474.28668359993
Texas ,TX,Midland ,48329,18852.127216,22598.008321,23804.24246,21159.873799,26606.677625,13532.038162,17747.043505,24193.704509,27097.867979,418691.3561817
Texas ,TX,Ector ,48135,20576.448343,31304.793983,27194.201472,22750.916323,29560.452255,15028.410693,19775.00332,25042.960691,32947.568989,462899.20843750006
Texas ,TX,Tom Green ,48451,23762.208831,25113.918218,26360.877109,21774.620265,25343.463706,14476.513663,19423.181753,22914.552405,28819.22446,445878.15846760006
Texas ,TX,Bexar ,48029,22236.13921,27788.460885,28505.676338,23807.900245,32386.464179,15273.601406,21157.174731,24773.388618,36231.240302,474350.48696159996
Texas ,TX,Smith ,48423,23832.933012,27392.449688,28186.23284,23468.966061,31430.683739,15789.385446,20168.84702,23093.115509,34805.352086,464538.6745340001
Texas ,TX,McLennan ,48309,23933.901087,25508.794217,27378.123664,20386.854472,27088.632717,14988.910805,20456.848426,23834.621204,30684.435476,453647.4044654
Texas ,TX,Wichita ,48485,25478.486453,26580.823441,28959.129976,24417.98836,30045.386822,16741.31186,21553.712171,23409.988315,34554.902667,487739.412117
Utah ,UT,Davis ,49011,17939.43199,19622.220956,20946.980799,16190.338802,24079.470652,14047.468664,17063.546336,17286.368675,26663.626986,363237.9278675
Utah ,UT,Weber ,49057,19893.532993,19926.458313,20461.697049,16805.418257,24850.081512,14308.25904,18025.068252,19145.797168,30747.626131,398010.177844
Utah ,UT,Washington ,49053,17364.576327,17764.246429,19612.982141,15951.766193,21090.876775,12199.296658,14602.50178,17905.145865,25354.792504,348644.78267620003
Utah ,UT,Salt Lake ,49035,18924.991318,21272.024898,22891.928879,16948.799481,24955.836653,14485.78161,17989.454981,19785.52456,27391.312915,407292.111724
Virginia ,VA,Alexandria City ,51510,20221.164755,22135.629538,23603.428709,19101.524609,27022.358851,13222.170695,17320.197322,20816.42776,25605.24006,393114.66233769996
Virginia ,VA,Hampton City ,51650,19983.210329,23254.296622,23277.446768,18381.451846,26629.384624,12603.987683,19146.509906,15800.69179,30451.119674,389932.8555208
Virginia ,VA,Lynchburg City ,51680,19452.238615,22652.966685,24758.163034,17733.548627,27320.733276,13488.695143,20447.251357,16251.771231,28497.698533,426501.57075590006
Virginia ,VA,Norfolk City ,51710,21012.358842,23559.273612,23616.14259,19864.337028,29305.697306,14189.679763,20723.418439,15677.452273,32416.71856,423447.9351279999
Virginia ,VA,Portsmouth City ,51740,19645.302516,21732.331263,23375.419745,20860.289491,26634.792106,13037.644802,20713.565202,17535.682586,33258.420126,426138.5456063001
Virginia ,VA,Suffolk City ,51800,17750.591378,22025.661292,22222.629875,18231.852406,23924.247278,11945.702269,17878.603641,19599.291754,26311.419475,368737.65538829996
Washington ,WA,King ,53033,20473.337394,21350.232777,23842.163195,17291.795432,25583.304367,13880.005323,17426.327464,17571.684138,27018.719159,391044.95943000005
Washington ,WA,Benton ,53005,21947.982162,21416.307472,23265.098284,17622.025063,25059.338594,13518.070155,18136.288954,18449.758218,30756.991262,386449.56561600004
Washington ,WA,Spokane ,53063,18514.870087,21426.555599,21547.854539,16690.472127,25340.27181,13590.767707,17246.009456,16372.472711,26810.365826,379268.8628491
Washington ,WA,Pierce ,53053,19862.003066,21031.49177,22156.719622,16988.605591,24072.621208,13464.696099,17706.105928,15412.717101,28034.852404,384779.28822010005
Washington ,WA,Clark ,53011,21331.610351,19952.841343,21618.263723,17622.827569,22430.974585,13810.916874,17715.890669,16024.509727,26323.927841,416213.69588310004
Washington ,WA,Yakima ,53077,19290.767102,19141.085932,20066.534686,14788.154082,22422.907026,12140.584982,16507.83051,14112.739143,27200.697231,339990.1709688
West Virginia ,WV,Kanawha ,54039,17106.891769,24915.66385,22254.524412,17072.944447,27787.690816,13019.693782,17668.245667,23095.693594,31585.235872,401357.81658569997
Wisconsin ,WI,Outagamie ,55087,17460.018564,16496.409017,18924.770942,14461.171894,21450.693578,11449.174739,14432.980798,10450.441707,22203.712699,310836.95058090007
Wisconsin ,WI,Brown ,55009,18259.455977,19579.685264,21919.033989,14585.533432,22029.929719,12733.235993,15431.438792,11751.676244,25355.42282,346949.93613399996
Wisconsin ,WI,Kenosha ,55059,19003.566087,21863.226313,22526.401801,17736.745146,26885.065782,13331.70297,17823.155394,14938.813663,26138.287605,391030.11963420006
Wisconsin ,WI,Dane ,55025,17462.87511,18660.60039,21331.617586,13737.293144,23435.293502,11128.181729,16276.301883,12546.368035,26388.413581,339981.8298552
Wisconsin ,WI,Milwaukee ,55079,22691.112615,26175.407332,26255.861461,20399.137257,30162.543531,15669.916205,20924.099295,16840.480694,33196.478383,453795.9175772001
Wisconsin ,WI,Racine ,55101,21901.773728,23688.10052,25664.338258,19957.050224,28582.42345,14551.968153,19248.446361,15594.488333,28618.103553,432645.9277248
Wisconsin ,WI,Waukesha ,55133,19572.453328,21012.754653,23313.004092,18849.761945,26207.920504,13381.809762,16701.374883,14979.06981,29895.74442,405030.68911619997
Wyoming ,WY,Laramie ,56021,17611.165177,24763.865078,22971.826987,18419.762594,24263.624862,13967.115795,18622.427697,16524.945613,33286.590787,392300.66401660006
