Place_TractID,SiteId,PM2.5_Exceptional,PM2.5_ExceedCount,PM2.5_Max,Ozone_Exceptional,Ozone_ExceedCount,Ozone_Max
0107000-01073003200,11.0,0,0.0,26.6,0.0,1.0,0.078
0107000-01073003300,11.0,0,0.0,26.6,0.0,1.0,0.078
0107000-01073010500,11.0,0,0.0,26.6,0.0,1.0,0.078
0107000-01073010701,11.0,0,0.0,26.6,0.0,1.0,0.078
0107000-01073010801,11.0,0,0.0,26.6,0.0,1.0,0.078
0107000-01073010802,11.0,0,0.0,26.6,0.0,1.0,0.078
0107000-01073010803,11.0,0,0.0,26.6,0.0,1.0,0.078
0107000-01073010805,11.0,0,0.0,26.6,0.0,1.0,0.078
0107000-01073011207,11.0,0,0.0,26.6,0.0,1.0,0.078
0107000-01073011803,11.0,0,0.0,26.6,0.0,1.0,0.078
0107000-01073012001,11.0,0,0.0,26.6,0.0,1.0,0.078
0107000-01073012302,11.0,0,0.0,26.6,0.0,1.0,0.078
0107000-01073012305,11.0,0,0.0,26.6,0.0,1.0,0.078
0107000-01073012402,11.0,0,0.0,26.6,0.0,1.0,0.078
0107000-01073012500,11.0,0,0.0,26.6,0.0,1.0,0.078
0107000-01073012602,11.0,0,0.0,26.6,0.0,1.0,0.078
0107000-01073012703,11.0,0,0.0,26.6,0.0,1.0,0.078
0107000-01073012704,11.0,0,0.0,26.6,0.0,1.0,0.078
0107000-01073013901,11.0,0,0.0,26.6,0.0,1.0,0.078
0107000-01073014413,11.0,0,0.0,26.6,0.0,1.0,0.078
0107000-01117030213,11.0,0,0.0,26.6,0.0,1.0,0.078
0107000-01117030303,11.0,0,0.0,26.6,0.0,1.0,0.078
0135896-01073012906,11.0,0,0.0,26.6,0.0,1.0,0.078
0135896-01073012910,11.0,0,0.0,26.6,0.0,1.0,0.078
0135896-01073014203,11.0,0,0.0,26.6,0.0,1.0,0.078
0135896-01117030212,11.0,0,0.0,26.6,0.0,1.0,0.078
0135896-01117030305,11.0,0,0.0,26.6,0.0,1.0,0.078
0135896-01117030330,11.0,0,0.0,26.6,0.0,1.0,0.078
0135896-01117030344,11.0,0,0.0,26.6,0.0,1.0,0.078
0137000-01083020802,25.0,0,0.0,18.5,0.0,0.0,0.07
0137000-01083021200,25.0,0,0.0,18.5,0.0,0.0,0.07
0137000-01089000201,25.0,0,0.0,18.5,0.0,0.0,0.07
0137000-01089010502,25.0,0,0.0,18.5,0.0,0.0,0.07
0137000-01089010623,25.0,0,0.0,18.5,0.0,0.0,0.07
0137000-01089010624,25.0,0,0.0,18.5,0.0,0.0,0.07
0137000-01089010702,25.0,0,0.0,18.5,0.0,0.0,0.07
0137000-01089010800,25.0,0,0.0,18.5,0.0,0.0,0.07
0137000-01089011022,25.0,0,0.0,18.5,0.0,0.0,0.07
0137000-01089011300,25.0,0,0.0,18.5,0.0,0.0,0.07
0150000-01097000402,29.0,0,0.0,20.8,0.0,0.0,0.06
0150000-01097003605,29.0,0,0.0,20.8,0.0,0.0,0.06
0150000-01097003800,29.0,0,0.0,20.8,0.0,0.0,0.06
0150000-01097003902,29.0,0,0.0,20.8,0.0,0.0,0.06
0150000-01097006403,29.0,0,0.0,20.8,0.0,0.0,0.06
0150000-01097006404,29.0,0,0.0,20.8,0.0,0.0,0.06
0150000-01097006405,29.0,0,0.0,20.8,0.0,0.0,0.06
0150000-01097006801,29.0,0,0.0,20.8,0.0,0.0,0.06
0150000-01097006802,29.0,0,0.0,20.8,0.0,0.0,0.06
0151000-01101005301,29.0,0,0.0,20.8,0.0,0.0,0.06
0151000-01101005501,29.0,0,0.0,20.8,0.0,0.0,0.06
0151000-01101005503,29.0,0,0.0,20.8,0.0,0.0,0.06
0151000-01101005608,29.0,0,0.0,20.8,0.0,0.0,0.06
0151000-01101005610,29.0,0,0.0,20.8,0.0,0.0,0.06
0151000-01101005901,29.0,0,0.0,20.8,0.0,0.0,0.06
0177256-01125010102,11.0,0,0.0,26.6,0.0,1.0,0.078
0177256-01125010203,11.0,0,0.0,26.6,0.0,1.0,0.078
0177256-01125010500,11.0,0,0.0,26.6,0.0,1.0,0.078
0177256-01125010601,11.0,0,0.0,26.6,0.0,1.0,0.078
0177256-01125010702,11.0,0,0.0,26.6,0.0,1.0,0.078
0177256-01125010804,11.0,0,0.0,26.6,0.0,1.0,0.078
0177256-01125012501,11.0,0,0.0,26.6,0.0,1.0,0.078
0177256-01125012502,11.0,0,0.0,26.6,0.0,1.0,0.078
0404720-04013082207,75.0,0,5.0,86.6,0.0,14.0,0.088
0412000-04013422307,76.0,0,1.0,41.1,0.0,16.0,0.082
0412000-04013810100,85.0,0,0.0,34.5,0.0,0.0,0.068
0412000-04013817300,76.0,0,1.0,41.1,0.0,16.0,0.082
0427400-04013422636,76.0,0,1.0,41.1,0.0,16.0,0.082
0427820-04013061011,79.0,0,1.0,40.0,0.0,2.0,0.077
0427820-04013061044,79.0,0,1.0,40.0,0.0,2.0,0.077
0427820-04013061047,79.0,0,1.0,40.0,0.0,2.0,0.077
0446000-04013420108,96.0,0,0.0,18.1,0.0,8.0,0.08
0446000-04013420114,76.0,0,1.0,41.1,0.0,16.0,0.082
0446000-04013420115,76.0,0,1.0,41.1,0.0,16.0,0.082
0446000-04013420214,76.0,0,1.0,41.1,0.0,16.0,0.082
0446000-04013422627,76.0,0,1.0,41.1,0.0,16.0,0.082
0446000-04013422630,76.0,0,1.0,41.1,0.0,16.0,0.082
0446000-04013422639,76.0,0,1.0,41.1,0.0,16.0,0.082
0446000-04013817600,76.0,0,1.0,41.1,0.0,16.0,0.082
0454050-04013040521,79.0,0,1.0,40.0,0.0,2.0,0.077
0454050-04013071506,79.0,0,1.0,40.0,0.0,2.0,0.077
0454050-04013071802,79.0,0,1.0,40.0,0.0,2.0,0.077
0455000-04013113400,83.0,0,4.0,86.2,0.0,11.0,0.078
0455000-04013116733,83.0,0,4.0,86.2,0.0,11.0,0.078
0455000-04013217300,96.0,0,0.0,18.1,0.0,8.0,0.08
0455000-04013610100,79.0,0,1.0,40.0,0.0,2.0,0.077
0455000-04013614300,79.0,0,1.0,40.0,0.0,2.0,0.077
0465000-04013105002,96.0,0,0.0,18.1,0.0,8.0,0.08
0465000-04013613000,77.0,0,0.0,32.6,0.0,19.0,0.084
0465000-04013613200,77.0,0,0.0,32.6,0.0,19.0,0.084
0471510-04013071505,79.0,0,1.0,40.0,0.0,2.0,0.077
0473000-04013810600,85.0,0,0.0,34.5,0.0,0.0,0.068
0477000-04019000100,123.0,0,0.0,21.7,0.0,1.0,0.074
0477000-04019004053,123.0,0,0.0,21.7,0.0,1.0,0.074
0477000-04019004061,123.0,0,0.0,21.7,0.0,1.0,0.074
0477000-04019004310,123.0,0,0.0,21.7,0.0,1.0,0.074
0477000-04019004506,123.0,0,0.0,21.7,0.0,1.0,0.074
0477000-04019004513,123.0,0,0.0,21.7,0.0,1.0,0.074
0477000-04019004613,123.0,0,0.0,21.7,0.0,1.0,0.074
0477000-04019004725,123.0,0,0.0,21.7,0.0,1.0,0.074
0477000-04019004726,123.0,0,0.0,21.7,0.0,1.0,0.074
0477000-04019005300,123.0,0,0.0,21.7,0.0,1.0,0.074
0485540-04027000403,149.0,0,2.0,51.0,0.0,10.0,0.079
0485540-04027000404,149.0,0,2.0,51.0,0.0,10.0,0.079
0485540-04027011107,149.0,0,2.0,51.0,0.0,10.0,0.079
0485540-04027011700,149.0,0,2.0,51.0,0.0,10.0,0.079
0523290-05143010503,165.0,0,0.0,22.2,0.0,0.0,0.063
0523290-05143011001,165.0,0,0.0,22.2,0.0,0.0,0.063
0524550-05131010301,165.0,0,0.0,22.2,0.0,0.0,0.063
0535710-05031000900,165.0,0,0.0,22.2,0.0,0.0,0.063
0541000-05119000200,165.0,0,0.0,22.2,0.0,0.0,0.063
0541000-05119004006,165.0,0,0.0,22.2,0.0,0.0,0.063
0541000-05119004007,165.0,0,0.0,22.2,0.0,0.0,0.063
0566080-05007021311,165.0,0,0.0,22.2,0.0,0.0,0.063
0566080-05007021406,165.0,0,0.0,22.2,0.0,0.0,0.063
0566080-05143010101,165.0,0,0.0,22.2,0.0,0.0,0.063
0566080-05143010102,165.0,0,0.0,22.2,0.0,0.0,0.063
0602000-06059011714,308.0,0,9.0,56.2,0.0,4.0,0.076
0602000-06059075813,308.0,0,9.0,56.2,0.0,4.0,0.076
0602000-06059087703,308.0,0,9.0,56.2,0.0,4.0,0.076
0602000-06059088402,308.0,0,9.0,56.2,0.0,4.0,0.076
0602000-06059110201,308.0,0,9.0,56.2,0.0,4.0,0.076
0602252-06013313103,183.0,0,6.0,89.4,0.0,0.0,0.07
0602364-06071009708,356.0,0,0.0,29.3,0.0,17.0,0.081
0603526-06029000906,243.0,0,2.0,56.0,0.0,85.0,0.104
0603526-06029000907,243.0,0,2.0,56.0,0.0,85.0,0.104
0603526-06029000909,243.0,0,2.0,56.0,0.0,85.0,0.104
0603526-06029001000,243.0,0,2.0,56.0,0.0,85.0,0.104
0603526-06029001201,243.0,0,2.0,56.0,0.0,85.0,0.104
0603526-06029002700,243.0,0,2.0,56.0,0.0,85.0,0.104
0603526-06029003103,243.0,0,2.0,56.0,0.0,85.0,0.104
0603526-06029003807,243.0,0,2.0,56.0,0.0,85.0,0.104
0603526-06029003810,243.0,0,2.0,56.0,0.0,85.0,0.104
0603526-06029003811,243.0,0,2.0,56.0,0.0,85.0,0.104
0603526-06029005103,243.0,0,2.0,56.0,0.0,85.0,0.104
0603666-06037406901,274.0,0,0.0,19.2,0.0,36.0,0.1
0603666-06037407001,274.0,0,0.0,19.2,0.0,36.0,0.1
0611194-06073017107,376.0,0,0.0,27.4,0.0,6.0,0.083
0611194-06073017110,376.0,0,0.0,27.4,0.0,6.0,0.083
0611530-06037543100,267.0,0,5.0,66.7,0.0,5.0,0.076
0613210-06071000107,361.0,0,1.0,39.2,0.0,49.0,0.118
0613210-06071000115,361.0,0,1.0,39.2,0.0,49.0,0.118
0613210-06071001704,361.0,0,1.0,39.2,0.0,49.0,0.118
0613392-06073003207,369.0,0,1.0,42.7,0.0,1.0,0.074
0613392-06073010103,369.0,0,1.0,42.7,0.0,1.0,0.074
0613588-06067008130,315.0,0,0.0,28.2,0.0,9.0,0.088
0615044-06037541100,267.0,0,5.0,66.7,0.0,5.0,0.076
0615044-06037541801,267.0,0,5.0,66.7,0.0,5.0,0.076
0615044-06037541802,267.0,0,5.0,66.7,0.0,5.0,0.076
0615044-06037542103,267.0,0,5.0,66.7,0.0,5.0,0.076
0615044-06037542104,267.0,0,5.0,66.7,0.0,5.0,0.076
0615044-06037542106,267.0,0,5.0,66.7,0.0,5.0,0.076
0615044-06037543305,267.0,0,5.0,66.7,0.0,5.0,0.076
0616000-06013313204,183.0,0,6.0,89.4,0.0,0.0,0.07
0616000-06013315000,183.0,0,6.0,89.4,0.0,0.0,0.07
0616000-06013355200,183.0,0,6.0,89.4,0.0,0.0,0.07
0616000-06013355306,183.0,0,6.0,89.4,0.0,0.0,0.07
0616350-06065041409,361.0,0,1.0,39.2,0.0,49.0,0.118
0616350-06065041412,361.0,0,1.0,39.2,0.0,49.0,0.118
0616350-06065041909,361.0,0,1.0,39.2,0.0,49.0,0.118
0616350-06065041910,361.0,0,1.0,39.2,0.0,49.0,0.118
0616532-06059063101,308.0,0,9.0,56.2,0.0,4.0,0.076
0621712-06073015403,378.0,0,0.0,31.8,0.0,9.0,0.081
0621712-06073016503,378.0,0,0.0,31.8,0.0,9.0,0.081
0621712-06073016616,378.0,0,0.0,31.8,0.0,9.0,0.081
0621712-06073016807,378.0,0,0.0,31.8,0.0,9.0,0.081
0621712-06073016809,378.0,0,0.0,31.8,0.0,9.0,0.081
0622020-06067009325,341.0,0,2.0,44.5,0.0,3.0,0.077
0622230-06037431501,274.0,0,0.0,19.2,0.0,36.0,0.1
0622230-06037431502,274.0,0,0.0,19.2,0.0,36.0,0.1
0622230-06037432102,274.0,0,0.0,19.2,0.0,36.0,0.1
0622230-06037432902,274.0,0,0.0,19.2,0.0,36.0,0.1
0622804-06073020401,376.0,0,0.0,27.4,0.0,6.0,0.083
0624680-06071002204,361.0,0,1.0,39.2,0.0,49.0,0.118
0624680-06071002501,361.0,0,1.0,39.2,0.0,49.0,0.118
0624680-06071009202,361.0,0,1.0,39.2,0.0,49.0,0.118
0627000-06019000800,202.0,0,23.0,74.2,0.0,64.0,0.112
0627000-06019001500,202.0,0,23.0,74.2,0.0,64.0,0.112
0627000-06019001900,202.0,0,23.0,74.2,0.0,64.0,0.112
0627000-06019003004,202.0,0,23.0,74.2,0.0,64.0,0.112
0627000-06019004506,202.0,0,23.0,74.2,0.0,64.0,0.112
0627000-06019004602,202.0,0,23.0,74.2,0.0,64.0,0.112
0627000-06019004902,202.0,0,23.0,74.2,0.0,64.0,0.112
0628000-06059001503,308.0,0,9.0,56.2,0.0,4.0,0.076
0628000-06059011712,308.0,0,9.0,56.2,0.0,4.0,0.076
0628000-06059086701,308.0,0,9.0,56.2,0.0,4.0,0.076
0629000-06059087503,308.0,0,9.0,56.2,0.0,4.0,0.076
0629000-06059087602,308.0,0,9.0,56.2,0.0,4.0,0.076
0629000-06059087806,308.0,0,9.0,56.2,0.0,4.0,0.076
0629000-06059087902,308.0,0,9.0,56.2,0.0,4.0,0.076
0629000-06059088104,308.0,0,9.0,56.2,0.0,4.0,0.076
0629000-06059088904,308.0,0,9.0,56.2,0.0,4.0,0.076
0630000-06037300501,274.0,0,0.0,19.2,0.0,36.0,0.1
0632548-06037601700,267.0,0,5.0,66.7,0.0,5.0,0.076
0632548-06037602301,267.0,0,5.0,66.7,0.0,5.0,0.076
0633000-06001435200,168.0,0,7.0,70.2,0.0,2.0,0.1
0633182-06065043308,366.0,0,1.0,38.2,0.0,112.0,0.136
0633182-06065043310,366.0,0,1.0,38.2,0.0,112.0,0.136
0633434-06071010009,356.0,0,0.0,29.3,0.0,17.0,0.081
0636000-06059099702,308.0,0,9.0,56.2,0.0,4.0,0.076
0636000-06059099703,308.0,0,9.0,56.2,0.0,4.0,0.076
0636448-06065045215,330.0,0,0.0,18.8,0.0,44.0,0.093
0636448-06065045226,330.0,0,0.0,18.8,0.0,44.0,0.093
0636448-06065045606,330.0,0,0.0,18.8,0.0,44.0,0.093
0636546-06037601501,267.0,0,5.0,66.7,0.0,5.0,0.076
0636546-06037601700,267.0,0,5.0,66.7,0.0,5.0,0.076
0636546-06037601802,267.0,0,5.0,66.7,0.0,5.0,0.076
0636546-06037703002,265.0,0,1.0,37.5,0.0,14.0,0.086
0636770-06059052404,308.0,0,9.0,56.2,0.0,4.0,0.076
0639892-06037571503,267.0,0,5.0,66.7,0.0,5.0,0.076
0640130-06037900201,281.0,0,0.0,26.6,0.0,43.0,0.087
0640130-06037901102,281.0,0,0.0,26.6,0.0,43.0,0.087
0641992-06001450752,167.0,0,2.0,41.5,0.0,6.0,0.086
0643000-06037572800,267.0,0,5.0,66.7,0.0,5.0,0.076
0643000-06037573403,267.0,0,5.0,66.7,0.0,5.0,0.076
0643000-06037574700,267.0,0,5.0,66.7,0.0,5.0,0.076
0643000-06037575500,267.0,0,5.0,66.7,0.0,5.0,0.076
0643000-06037980033,267.0,0,5.0,66.7,0.0,5.0,0.076
0644000-06037980008,265.0,0,1.0,37.5,0.0,14.0,0.086
0644000-06037980010,265.0,0,1.0,37.5,0.0,14.0,0.086
0644000-06037980014,267.0,0,5.0,66.7,0.0,5.0,0.076
0644000-06037980015,267.0,0,5.0,66.7,0.0,5.0,0.076
0644000-06037980019,265.0,0,1.0,37.5,0.0,14.0,0.086
0644000-06037980024,265.0,0,1.0,37.5,0.0,14.0,0.086
0645484-06077005119,383.0,0,21.0,51.5,0.0,2.0,0.079
0645484-06077005131,383.0,0,21.0,51.5,0.0,2.0,0.079
0646842-06065042716,366.0,0,1.0,38.2,0.0,112.0,0.136
0646842-06065043235,366.0,0,1.0,38.2,0.0,112.0,0.136
0646842-06065050700,366.0,0,1.0,38.2,0.0,112.0,0.136
0647766-06085504417,417.0,0,6.0,49.7,0.0,4.0,0.098
0648354-06099000402,440.0,0,25.0,74.5,0.0,21.0,0.098
0648354-06099000501,440.0,0,25.0,74.5,0.0,21.0,0.098
0648354-06099002402,440.0,0,25.0,74.5,0.0,21.0,0.098
0648354-06099002501,440.0,0,25.0,74.5,0.0,21.0,0.098
0649670-06085504601,397.0,0,6.0,60.8,0.0,2.0,0.086
0649670-06085510001,417.0,0,6.0,49.7,0.0,4.0,0.098
0650076-06065051200,366.0,0,1.0,38.2,0.0,112.0,0.136
0651182-06059063008,308.0,0,9.0,56.2,0.0,4.0,0.076
0651182-06059063103,308.0,0,9.0,56.2,0.0,4.0,0.076
0651182-06059063601,308.0,0,9.0,56.2,0.0,4.0,0.076
0653000-06001982000,169.0,0,7.0,56.0,0.0,0.0,0.068
0653000-06001983200,169.0,0,7.0,56.0,0.0,0.0,0.068
0653896-06071000603,361.0,0,1.0,39.2,0.0,49.0,0.118
0653896-06071001703,361.0,0,1.0,39.2,0.0,49.0,0.118
0653896-06071001903,361.0,0,1.0,39.2,0.0,49.0,0.118
0653980-06059021915,308.0,0,9.0,56.2,0.0,4.0,0.076
0653980-06059021923,308.0,0,9.0,56.2,0.0,4.0,0.076
0653980-06059075809,308.0,0,9.0,56.2,0.0,4.0,0.076
0653980-06059075810,308.0,0,9.0,56.2,0.0,4.0,0.076
0654652-06111003012,400.0,0,13.0,231.6,0.0,0.0,0.07
0654652-06111005002,400.0,0,13.0,231.6,0.0,0.0,0.07
0655156-06037910101,281.0,0,0.0,26.6,0.0,43.0,0.087
0655156-06037910709,281.0,0,0.0,26.6,0.0,43.0,0.087
0655156-06037980004,281.0,0,0.0,26.6,0.0,43.0,0.087
0656000-06037460100,274.0,0,0.0,19.2,0.0,36.0,0.1
0656000-06037460401,274.0,0,0.0,19.2,0.0,36.0,0.1
0656700-06065042719,366.0,0,1.0,38.2,0.0,112.0,0.136
0658072-06037402404,308.0,0,9.0,56.2,0.0,4.0,0.076
0658072-06037403200,308.0,0,9.0,56.2,0.0,4.0,0.076
0658072-06037403321,308.0,0,9.0,56.2,0.0,4.0,0.076
0659451-06071009202,361.0,0,1.0,39.2,0.0,49.0,0.118
0659920-06089011001,424.0,0,1.0,67.3,0.0,3.0,0.075
0659920-06089011600,424.0,0,1.0,67.3,0.0,3.0,0.075
0659920-06089011803,424.0,0,1.0,67.3,0.0,3.0,0.075
0659962-06071007200,366.0,0,1.0,38.2,0.0,112.0,0.136
0659962-06071007302,366.0,0,1.0,38.2,0.0,112.0,0.136
0659962-06071008601,366.0,0,1.0,38.2,0.0,112.0,0.136
0659962-06071008602,366.0,0,1.0,38.2,0.0,112.0,0.136
0659962-06071008706,366.0,0,1.0,38.2,0.0,112.0,0.136
0660102-06081609603,397.0,0,6.0,60.8,0.0,2.0,0.086
0660102-06081609700,397.0,0,6.0,60.8,0.0,2.0,0.086
0660466-06071003403,361.0,0,1.0,39.2,0.0,49.0,0.118
0660466-06071003606,361.0,0,1.0,39.2,0.0,49.0,0.118
0660466-06071003611,366.0,0,1.0,38.2,0.0,112.0,0.136
0660466-06071004003,366.0,0,1.0,38.2,0.0,112.0,0.136
0660466-06071004004,366.0,0,1.0,38.2,0.0,112.0,0.136
0660466-06071004302,366.0,0,1.0,38.2,0.0,112.0,0.136
0660620-06013356002,431.0,0,9.0,98.8,0.0,2.0,0.088
0660620-06013367200,431.0,0,9.0,98.8,0.0,2.0,0.088
0660620-06013386000,169.0,0,7.0,56.0,0.0,0.0,0.068
0662000-06065041409,361.0,0,1.0,39.2,0.0,49.0,0.118
0662000-06065041412,361.0,0,1.0,39.2,0.0,49.0,0.118
0662000-06065042003,366.0,0,1.0,38.2,0.0,112.0,0.136
0662000-06065042214,366.0,0,1.0,38.2,0.0,112.0,0.136
0662938-06061020605,315.0,0,0.0,28.2,0.0,9.0,0.088
0664000-06067004402,341.0,0,2.0,44.5,0.0,3.0,0.077
0664000-06067004502,341.0,0,2.0,44.5,0.0,3.0,0.077
0664000-06067004601,341.0,0,2.0,44.5,0.0,3.0,0.077
0664000-06067004701,341.0,0,2.0,44.5,0.0,3.0,0.077
0664000-06067004802,341.0,0,2.0,44.5,0.0,3.0,0.077
0664000-06067005901,341.0,0,2.0,44.5,0.0,3.0,0.077
0664224-06053000101,304.0,0,1.0,42.2,0.0,0.0,0.07
0665000-06071003803,366.0,0,1.0,38.2,0.0,112.0,0.136
0665000-06071004104,366.0,0,1.0,38.2,0.0,112.0,0.136
0665000-06071006402,366.0,0,1.0,38.2,0.0,112.0,0.136
0665000-06071007409,366.0,0,1.0,38.2,0.0,112.0,0.136
0665000-06071007601,366.0,0,1.0,38.2,0.0,112.0,0.136
0665000-06071010802,366.0,0,1.0,38.2,0.0,112.0,0.136
0665000-06071011002,366.0,0,1.0,38.2,0.0,112.0,0.136
0665042-06111001302,400.0,0,13.0,231.6,0.0,0.0,0.07
0666000-06073005500,369.0,0,1.0,42.7,0.0,1.0,0.074
0666000-06073006200,376.0,0,0.0,27.4,0.0,6.0,0.083
0666000-06073009901,369.0,0,1.0,42.7,0.0,1.0,0.074
0666000-06073017006,376.0,0,0.0,27.4,0.0,6.0,0.083
0666000-06073017306,376.0,0,0.0,27.4,0.0,6.0,0.083
0666000-06073020710,376.0,0,0.0,27.4,0.0,6.0,0.083
0667000-06075980200,382.0,0,7.0,49.9,0.0,0.0,0.054
0667000-06075980300,382.0,0,7.0,49.9,0.0,0.0,0.054
0667000-06075980501,382.0,0,7.0,49.9,0.0,0.0,0.054
0667000-06075980600,382.0,0,7.0,49.9,0.0,0.0,0.054
0667000-06075980900,382.0,0,7.0,49.9,0.0,0.0,0.054
0668000-06085502001,417.0,0,6.0,49.7,0.0,4.0,0.098
0668000-06085502603,417.0,0,6.0,49.7,0.0,4.0,0.098
0668000-06085502604,417.0,0,6.0,49.7,0.0,4.0,0.098
0668000-06085504101,417.0,0,6.0,49.7,0.0,4.0,0.098
0668000-06085504201,417.0,0,6.0,49.7,0.0,4.0,0.098
0668000-06085504417,417.0,0,6.0,49.7,0.0,4.0,0.098
0668000-06085505900,417.0,0,6.0,49.7,0.0,4.0,0.098
0668000-06085506701,417.0,0,6.0,49.7,0.0,4.0,0.098
0668000-06085507807,417.0,0,6.0,49.7,0.0,4.0,0.098
0668000-06085512100,417.0,0,6.0,49.7,0.0,4.0,0.098
0668084-06001433800,168.0,0,7.0,70.2,0.0,2.0,0.1
0668196-06073019208,376.0,0,0.0,27.4,0.0,6.0,0.083
0668196-06073020013,376.0,0,0.0,27.4,0.0,6.0,0.083
0668196-06073020309,376.0,0,0.0,27.4,0.0,6.0,0.083
0668252-06081606900,397.0,0,6.0,60.8,0.0,2.0,0.086
0668378-06013345105,168.0,0,7.0,70.2,0.0,2.0,0.1
0669000-06059075504,308.0,0,9.0,56.2,0.0,4.0,0.076
0669000-06059075806,308.0,0,9.0,56.2,0.0,4.0,0.076
0669000-06059075902,308.0,0,9.0,56.2,0.0,4.0,0.076
0669000-06059076000,308.0,0,9.0,56.2,0.0,4.0,0.076
0669070-06083000103,400.0,0,13.0,231.6,0.0,0.0,0.07
0669070-06083001402,400.0,0,13.0,231.6,0.0,0.0,0.07
0669070-06083003007,400.0,0,13.0,231.6,0.0,0.0,0.07
0669088-06037920032,281.0,0,0.0,26.6,0.0,43.0,0.087
0669088-06037920043,274.0,0,0.0,19.2,0.0,36.0,0.1
0669196-06083002013,401.0,0,0.0,19.9,0.0,0.0,0.063
0675000-06077002402,383.0,0,21.0,51.5,0.0,2.0,0.079
0675000-06077003700,383.0,0,21.0,51.5,0.0,2.0,0.079
0675000-06077003803,383.0,0,21.0,51.5,0.0,2.0,0.079
0677000-06085508101,417.0,0,6.0,49.7,0.0,4.0,0.098
0678120-06065043247,366.0,0,1.0,38.2,0.0,112.0,0.136
0678120-06065050500,366.0,0,1.0,38.2,0.0,112.0,0.136
0680812-06099003603,441.0,0,29.0,72.3,0.0,31.0,0.099
0680854-06059075403,308.0,0,9.0,56.2,0.0,4.0,0.076
0680854-06059075603,308.0,0,9.0,56.2,0.0,4.0,0.076
0681666-06095252104,431.0,0,9.0,98.8,0.0,2.0,0.088
0682590-06071009117,356.0,0,0.0,29.3,0.0,17.0,0.081
0682590-06071009119,356.0,0,0.0,29.3,0.0,17.0,0.081
0682590-06071010004,356.0,0,0.0,29.3,0.0,17.0,0.081
0682590-06071012101,356.0,0,0.0,29.3,0.0,17.0,0.081
0682996-06073019208,376.0,0,0.0,27.4,0.0,6.0,0.083
0682996-06073019805,376.0,0,0.0,27.4,0.0,6.0,0.083
0682996-06073019903,376.0,0,0.0,27.4,0.0,6.0,0.083
0682996-06073020019,376.0,0,0.0,27.4,0.0,6.0,0.083
0684200-06037403500,274.0,0,0.0,19.2,0.0,36.0,0.1
0684200-06037403600,274.0,0,0.0,19.2,0.0,36.0,0.1
0684200-06037405400,274.0,0,0.0,19.2,0.0,36.0,0.1
0684200-06037406901,274.0,0,0.0,19.2,0.0,36.0,0.1
0684200-06037406902,274.0,0,0.0,19.2,0.0,36.0,0.1
0684200-06037408141,308.0,0,9.0,56.2,0.0,4.0,0.076
0684550-06059088901,308.0,0,9.0,56.2,0.0,4.0,0.076
0684550-06059099203,308.0,0,9.0,56.2,0.0,4.0,0.076
0685292-06037501002,267.0,0,5.0,66.7,0.0,5.0,0.076
0803455-08059009843,483.0,0,1.0,41.2,0.0,0.0,0.069
0804000-08001008100,481.0,0,2.0,46.3,0.0,0.0,0.068
0804000-08005006854,481.0,0,2.0,46.3,0.0,0.0,0.068
0804000-08005006855,481.0,0,2.0,46.3,0.0,0.0,0.068
0804000-08005081700,481.0,0,2.0,46.3,0.0,0.0,0.068
0804000-08005085900,481.0,0,2.0,46.3,0.0,0.0,0.068
0804000-08005086300,481.0,0,2.0,46.3,0.0,0.0,0.068
0804000-08035013901,481.0,0,2.0,46.3,0.0,0.0,0.068
0807850-08013012705,483.0,0,1.0,41.2,0.0,0.0,0.069
0807850-08013012707,483.0,0,1.0,41.2,0.0,0.0,0.069
0807850-08013012710,483.0,0,1.0,41.2,0.0,0.0,0.069
0812815-08005005612,481.0,0,2.0,46.3,0.0,0.0,0.068
0812815-08005006815,481.0,0,2.0,46.3,0.0,0.0,0.068
0812815-08005006854,481.0,0,2.0,46.3,0.0,0.0,0.068
0812815-08005083700,481.0,0,2.0,46.3,0.0,0.0,0.068
0812815-08005085800,481.0,0,2.0,46.3,0.0,0.0,0.068
0812815-08005085900,481.0,0,2.0,46.3,0.0,0.0,0.068
0816000-08041003400,481.0,0,2.0,46.3,0.0,0.0,0.068
0816000-08041005104,481.0,0,2.0,46.3,0.0,0.0,0.068
0816000-08041006700,481.0,0,2.0,46.3,0.0,0.0,0.068
0816000-08041007500,481.0,0,2.0,46.3,0.0,0.0,0.068
0816000-08041007601,481.0,0,2.0,46.3,0.0,0.0,0.068
0820000-08031001902,481.0,0,2.0,46.3,0.0,0.0,0.068
0827425-08069000300,483.0,0,1.0,41.2,0.0,0.0,0.069
0827425-08069002501,483.0,0,1.0,41.2,0.0,0.0,0.069
0832155-08123000704,483.0,0,1.0,41.2,0.0,0.0,0.069
0832155-08123000705,483.0,0,1.0,41.2,0.0,0.0,0.069
0843000-08059010100,483.0,0,1.0,41.2,0.0,0.0,0.069
0843000-08059011721,483.0,0,1.0,41.2,0.0,0.0,0.069
0846465-08069002010,483.0,0,1.0,41.2,0.0,0.0,0.069
0862000-08101000903,481.0,0,2.0,46.3,0.0,0.0,0.068
0877290-08001008541,483.0,0,1.0,41.2,0.0,0.0,0.069
0877290-08001008551,483.0,0,1.0,41.2,0.0,0.0,0.069
0877290-08001009001,483.0,0,1.0,41.2,0.0,0.0,0.069
0877290-08001009307,483.0,0,1.0,41.2,0.0,0.0,0.069
0877290-08001015000,483.0,0,1.0,41.2,0.0,0.0,0.069
0877290-08001061200,483.0,0,1.0,41.2,0.0,0.0,0.069
0883835-08001009502,483.0,0,1.0,41.2,0.0,0.0,0.069
0883835-08001009606,483.0,0,1.0,41.2,0.0,0.0,0.069
0883835-08001060000,483.0,0,1.0,41.2,0.0,0.0,0.069
0883835-08059010208,483.0,0,1.0,41.2,0.0,0.0,0.069
1207300-12099007002,592.0,0,0.0,24.0,0.0,1.0,0.071
1207300-12099007616,592.0,0,0.0,24.0,0.0,1.0,0.071
1207875-12099005411,592.0,0,0.0,24.0,0.0,1.0,0.071
1207875-12099005810,592.0,0,0.0,24.0,0.0,1.0,0.071
1207875-12099005812,592.0,0,0.0,24.0,0.0,1.0,0.071
1207875-12099006602,592.0,0,0.0,24.0,0.0,1.0,0.071
1210275-12071010305,679.0,0,0.0,15.2,0.0,4.0,0.08
1212875-12103025505,679.0,0,0.0,15.2,0.0,4.0,0.08
1212875-12103025506,679.0,0,0.0,15.2,0.0,4.0,0.08
1212875-12103026820,679.0,0,0.0,15.2,0.0,4.0,0.08
1212875-12103026911,679.0,0,0.0,15.2,0.0,4.0,0.08
1212875-12103026912,679.0,0,0.0,15.2,0.0,4.0,0.08
1214400-12011020205,592.0,0,0.0,24.0,0.0,1.0,0.071
1216475-12011070401,592.0,0,0.0,24.0,0.0,1.0,0.071
1216475-12011070402,592.0,0,0.0,24.0,0.0,1.0,0.071
1216475-12011110327,592.0,0,0.0,24.0,0.0,1.0,0.071
1216475-12011110600,592.0,0,0.0,24.0,0.0,1.0,0.071
1224000-12011041100,592.0,0,0.0,24.0,0.0,1.0,0.071
1224000-12011050207,592.0,0,0.0,24.0,0.0,1.0,0.071
1224000-12011050208,592.0,0,0.0,24.0,0.0,1.0,0.071
1224000-12011050308,592.0,0,0.0,24.0,0.0,1.0,0.071
1225175-12001001400,679.0,0,0.0,15.2,0.0,4.0,0.08
1225175-12001001701,679.0,0,0.0,15.2,0.0,4.0,0.08
1225175-12001001802,679.0,0,0.0,15.2,0.0,4.0,0.08
1225175-12001001908,679.0,0,0.0,15.2,0.0,4.0,0.08
1225175-12001002219,679.0,0,0.0,15.2,0.0,4.0,0.08
1225175-12001110800,679.0,0,0.0,15.2,0.0,4.0,0.08
1232000-12011080402,592.0,0,0.0,24.0,0.0,1.0,0.071
1235000-12031013906,679.0,0,0.0,15.2,0.0,4.0,0.08
1238250-12105011834,679.0,0,0.0,15.2,0.0,4.0,0.08
1238250-12105011836,679.0,0,0.0,15.2,0.0,4.0,0.08
1238250-12105011902,679.0,0,0.0,15.2,0.0,4.0,0.08
1238250-12105011911,679.0,0,0.0,15.2,0.0,4.0,0.08
1238250-12105012001,679.0,0,0.0,15.2,0.0,4.0,0.08
1238250-12105012113,679.0,0,0.0,15.2,0.0,4.0,0.08
1239425-12103024505,679.0,0,0.0,15.2,0.0,4.0,0.08
1239425-12103024507,679.0,0,0.0,15.2,0.0,4.0,0.08
1239425-12103024510,679.0,0,0.0,15.2,0.0,4.0,0.08
1239425-12103025205,679.0,0,0.0,15.2,0.0,4.0,0.08
1239425-12103025401,679.0,0,0.0,15.2,0.0,4.0,0.08
1239425-12103025411,679.0,0,0.0,15.2,0.0,4.0,0.08
1239425-12103025412,679.0,0,0.0,15.2,0.0,4.0,0.08
1239425-12103025501,679.0,0,0.0,15.2,0.0,4.0,0.08
1243975-12009064128,588.0,0,0.0,24.7,0.0,0.0,0.066
1243975-12009065021,588.0,0,0.0,24.7,0.0,0.0,0.066
1245000-12086001002,592.0,0,0.0,24.0,0.0,1.0,0.071
1245000-12086001004,592.0,0,0.0,24.0,0.0,1.0,0.071
1245000-12086001502,592.0,0,0.0,24.0,0.0,1.0,0.071
1245000-12086001703,592.0,0,0.0,24.0,0.0,1.0,0.071
1245000-12086001801,592.0,0,0.0,24.0,0.0,1.0,0.071
1245000-12086003707,592.0,0,0.0,24.0,0.0,1.0,0.071
1245000-12086006709,592.0,0,0.0,24.0,0.0,1.0,0.071
1245025-12086981000,592.0,0,0.0,24.0,0.0,1.0,0.071
1245060-12086000414,592.0,0,0.0,24.0,0.0,1.0,0.071
1253000-12095012000,679.0,0,0.0,15.2,0.0,4.0,0.08
1253000-12095012500,679.0,0,0.0,15.2,0.0,4.0,0.08
1253000-12095013201,588.0,0,0.0,24.7,0.0,0.0,0.066
1253000-12095013402,588.0,0,0.0,24.7,0.0,0.0,0.066
1253000-12095013508,588.0,0,0.0,24.7,0.0,0.0,0.066
1253000-12095013511,588.0,0,0.0,24.7,0.0,0.0,0.066
1253000-12095013607,679.0,0,0.0,15.2,0.0,4.0,0.08
1253000-12095013803,679.0,0,0.0,15.2,0.0,4.0,0.08
1253000-12095014000,679.0,0,0.0,15.2,0.0,4.0,0.08
1253000-12095014400,679.0,0,0.0,15.2,0.0,4.0,0.08
1253000-12095014811,679.0,0,0.0,15.2,0.0,4.0,0.08
1253000-12095014813,679.0,0,0.0,15.2,0.0,4.0,0.08
1253000-12095015300,679.0,0,0.0,15.2,0.0,4.0,0.08
1253000-12095015402,679.0,0,0.0,15.2,0.0,4.0,0.08
1253000-12095016709,588.0,0,0.0,24.7,0.0,0.0,0.066
1253000-12095016732,588.0,0,0.0,24.7,0.0,0.0,0.066
1254000-12009065231,588.0,0,0.0,24.7,0.0,0.0,0.066
1254000-12009065236,588.0,0,0.0,24.7,0.0,0.0,0.066
1255775-12011110404,592.0,0,0.0,24.0,0.0,1.0,0.071
1257425-12011042900,592.0,0,0.0,24.0,0.0,1.0,0.071
1257425-12011061100,592.0,0,0.0,24.0,0.0,1.0,0.071
1258715-12111382010,588.0,0,0.0,24.7,0.0,0.0,0.066
1263000-12103024804,679.0,0,0.0,15.2,0.0,4.0,0.08
1269700-12011060122,592.0,0,0.0,24.0,0.0,1.0,0.071
1269700-12011060125,592.0,0,0.0,24.0,0.0,1.0,0.071
1269700-12011070321,592.0,0,0.0,24.0,0.0,1.0,0.071
1270600-12073002206,635.0,0,0.0,15.9,0.0,0.0,0.066
1270600-12073002207,635.0,0,0.0,15.9,0.0,0.0,0.066
1270600-12073002208,635.0,0,0.0,15.9,0.0,0.0,0.066
1270600-12073002416,635.0,0,0.0,15.9,0.0,0.0,0.066
1270600-12073002508,635.0,0,0.0,15.9,0.0,0.0,0.066
1270600-12073002511,635.0,0,0.0,15.9,0.0,0.0,0.066
1270600-12073002512,635.0,0,0.0,15.9,0.0,0.0,0.066
1270600-12073002603,635.0,0,0.0,15.9,0.0,0.0,0.066
1271000-12057004000,679.0,0,0.0,15.2,0.0,4.0,0.08
1271000-12057010809,679.0,0,0.0,15.2,0.0,4.0,0.08
1271000-12057011010,679.0,0,0.0,15.2,0.0,4.0,0.08
1271000-12057011014,679.0,0,0.0,15.2,0.0,4.0,0.08
1271000-12057011205,679.0,0,0.0,15.2,0.0,4.0,0.08
1271000-12057011304,679.0,0,0.0,15.2,0.0,4.0,0.08
1271000-12057011802,679.0,0,0.0,15.2,0.0,4.0,0.08
1271000-12057011902,679.0,0,0.0,15.2,0.0,4.0,0.08
1271000-12057011904,679.0,0,0.0,15.2,0.0,4.0,0.08
1271000-12057011905,679.0,0,0.0,15.2,0.0,4.0,0.08
1271000-12057012001,679.0,0,0.0,15.2,0.0,4.0,0.08
1271000-12057012002,679.0,0,0.0,15.2,0.0,4.0,0.08
1276600-12099001002,592.0,0,0.0,24.0,0.0,1.0,0.071
1276600-12099001402,592.0,0,0.0,24.0,0.0,1.0,0.071
1276600-12099007831,592.0,0,0.0,24.0,0.0,1.0,0.071
1301052-13095010403,692.0,0,0.0,21.3,0.0,0.0,0.068
1301052-13095010900,692.0,0,0.0,21.3,0.0,0.0,0.068
1304000-13089023700,692.0,0,0.0,21.3,0.0,0.0,0.068
1304000-13121002600,692.0,0,0.0,21.3,0.0,0.0,0.068
1304000-13121004800,692.0,0,0.0,21.3,0.0,0.0,0.068
1304000-13121008101,692.0,0,0.0,21.3,0.0,0.0,0.068
1304000-13121010114,692.0,0,0.0,21.3,0.0,0.0,0.068
1304204-13245001500,729.0,0,0.0,34.9,0.0,0.0,0.061
1349000-13021010300,692.0,0,0.0,21.3,0.0,0.0,0.068
1349000-13021013407,692.0,0,0.0,21.3,0.0,0.0,0.068
1349000-13021013408,692.0,0,0.0,21.3,0.0,0.0,0.068
1349000-13021013410,692.0,0,0.0,21.3,0.0,0.0,0.068
1349000-13169030104,692.0,0,0.0,21.3,0.0,0.0,0.068
1368516-13121009802,692.0,0,0.0,21.3,0.0,0.0,0.068
1368516-13121010002,692.0,0,0.0,21.3,0.0,0.0,0.068
1369000-13051010101,729.0,0,0.0,34.9,0.0,0.0,0.061
1369000-13051010502,729.0,0,0.0,34.9,0.0,0.0,0.061
1369000-13051010807,729.0,0,0.0,34.9,0.0,0.0,0.061
1380508-13153020106,692.0,0,0.0,21.3,0.0,0.0,0.068
1380508-13153020108,692.0,0,0.0,21.3,0.0,0.0,0.068
1380508-13153021103,692.0,0,0.0,21.3,0.0,0.0,0.068
1380508-13153021201,692.0,0,0.0,21.3,0.0,0.0,0.068
1380508-13225040102,692.0,0,0.0,21.3,0.0,0.0,0.068
15003001901,744.0,0,0.0,16.1,0.0,0.0,0.05
15003003200,744.0,0,0.0,16.1,0.0,0.0,0.05
15003003407,744.0,0,0.0,16.1,0.0,0.0,0.05
15003003900,744.0,0,0.0,16.1,0.0,0.0,0.05
15003006600,744.0,0,0.0,16.1,0.0,0.0,0.05
15003007303,744.0,0,0.0,16.1,0.0,0.0,0.05
15003007506,744.0,0,0.0,16.1,0.0,0.0,0.05
15003008611,744.0,0,0.0,16.1,0.0,0.0,0.05
15003008613,744.0,0,0.0,16.1,0.0,0.0,0.05
15003980200,744.0,0,0.0,16.1,0.0,0.0,0.05
15003981400,744.0,0,0.0,16.1,0.0,0.0,0.05
1702154-17031803612,802.0,0,0.0,23.2,0.0,11.0,0.096
1703012-17043846411,802.0,0,0.0,23.2,0.0,11.0,0.096
1706613-17113000504,828.0,0,0.0,23.6,0.0,3.0,0.073
1706613-17113005400,828.0,0,0.0,23.6,0.0,3.0,0.073
1706613-17113006000,828.0,0,0.0,23.6,0.0,3.0,0.073
1714000-17031271800,802.0,0,0.0,23.2,0.0,11.0,0.096
1714000-17031280800,802.0,0,0.0,23.2,0.0,11.0,0.096
1714000-17031280900,802.0,0,0.0,23.2,0.0,11.0,0.096
1714000-17031340600,802.0,0,0.0,23.2,0.0,11.0,0.096
1714000-17031350400,802.0,0,0.0,23.2,0.0,11.0,0.096
1714000-17031351500,802.0,0,0.0,23.2,0.0,11.0,0.096
1714000-17031380500,802.0,0,0.0,23.2,0.0,11.0,0.096
1714000-17031381500,802.0,0,0.0,23.2,0.0,11.0,0.096
1714000-17031690500,802.0,0,0.0,23.2,0.0,11.0,0.096
1714000-17031770902,802.0,0,0.0,23.2,0.0,11.0,0.096
1714000-17031810400,802.0,0,0.0,23.2,0.0,11.0,0.096
1714000-17031841000,802.0,0,0.0,23.2,0.0,11.0,0.096
1718823-17115002300,828.0,0,0.0,23.6,0.0,3.0,0.073
1718823-17115002901,828.0,0,0.0,23.6,0.0,3.0,0.073
1723074-17089850600,802.0,0,0.0,23.2,0.0,11.0,0.096
1738570-17197880417,802.0,0,0.0,23.2,0.0,11.0,0.096
1738570-17197882300,802.0,0,0.0,23.2,0.0,11.0,0.096
1738570-17197882900,802.0,0,0.0,23.2,0.0,11.0,0.096
1738570-17197883100,802.0,0,0.0,23.2,0.0,11.0,0.096
1738570-17197883307,802.0,0,0.0,23.2,0.0,11.0,0.096
1751622-17197880310,802.0,0,0.0,23.2,0.0,11.0,0.096
1759000-17143003402,828.0,0,0.0,23.6,0.0,3.0,0.073
1759000-17143003900,828.0,0,0.0,23.6,0.0,3.0,0.073
1759000-17143004400,828.0,0,0.0,23.6,0.0,3.0,0.073
1759000-17143004802,828.0,0,0.0,23.6,0.0,3.0,0.073
1765000-17201003601,802.0,0,0.0,23.2,0.0,11.0,0.096
1765000-17201003707,802.0,0,0.0,23.2,0.0,11.0,0.096
1765000-17201003710,802.0,0,0.0,23.2,0.0,11.0,0.096
1765000-17201003711,802.0,0,0.0,23.2,0.0,11.0,0.096
1765000-17201003801,802.0,0,0.0,23.2,0.0,11.0,0.096
1768003-17031804102,802.0,0,0.0,23.2,0.0,11.0,0.096
1768003-17031804606,802.0,0,0.0,23.2,0.0,11.0,0.096
1768003-17031804706,802.0,0,0.0,23.2,0.0,11.0,0.096
1768003-17031804714,802.0,0,0.0,23.2,0.0,11.0,0.096
1768003-17031804715,802.0,0,0.0,23.2,0.0,11.0,0.096
1772000-17167000700,828.0,0,0.0,23.6,0.0,3.0,0.073
1772000-17167002700,828.0,0,0.0,23.6,0.0,3.0,0.073
1772000-17167002801,828.0,0,0.0,23.6,0.0,3.0,0.073
1772000-17167003801,828.0,0,0.0,23.6,0.0,3.0,0.073
1779293-17097860600,802.0,0,0.0,23.2,0.0,11.0,0.096
1779293-17097861603,802.0,0,0.0,23.2,0.0,11.0,0.096
1779293-17097861701,802.0,0,0.0,23.2,0.0,11.0,0.096
1805860-18105000502,935.0,0,0.0,19.3,0.0,1.0,0.071
1810342-18057110404,857.0,0,0.0,28.9,0.0,1.0,0.071
1822000-18163001800,935.0,0,0.0,19.3,0.0,1.0,0.071
1822000-18163010202,935.0,0,0.0,19.3,0.0,1.0,0.071
1825000-18003011702,857.0,0,0.0,28.9,0.0,1.0,0.071
1825000-18003980001,857.0,0,0.0,28.9,0.0,1.0,0.071
1825000-18003980002,857.0,0,0.0,28.9,0.0,1.0,0.071
1827000-18089010500,888.0,0,1.0,65.4,0.0,3.0,0.079
1827000-18089010900,888.0,0,1.0,65.4,0.0,3.0,0.079
1827000-18089011700,888.0,0,1.0,65.4,0.0,3.0,0.079
1827000-18089012100,888.0,0,1.0,65.4,0.0,3.0,0.079
1836003-18097357500,857.0,0,0.0,28.9,0.0,1.0,0.071
1840788-18157010800,888.0,0,1.0,65.4,0.0,3.0,0.079
1851876-18035001700,857.0,0,0.0,28.9,0.0,1.0,0.071
1851876-18035002401,857.0,0,0.0,28.9,0.0,1.0,0.071
1851876-18035002500,857.0,0,0.0,28.9,0.0,1.0,0.071
1871000-18141011202,927.0,0,0.0,23.3,0.0,4.0,0.08
1871000-18141011303,927.0,0,0.0,23.3,0.0,4.0,0.08
1871000-18141011801,927.0,0,0.0,23.3,0.0,4.0,0.08
1871000-18141011900,927.0,0,0.0,23.3,0.0,4.0,0.08
1912000-19113000300,961.0,0,0.0,27.5,0.0,0.0,0.065
1912000-19113000500,961.0,0,0.0,27.5,0.0,0.0,0.065
1912000-19113000600,961.0,0,0.0,27.5,0.0,0.0,0.065
1921000-19153010500,970.0,0,1.0,48.1,0.0,0.0,0.065
1921000-19153011028,970.0,0,1.0,48.1,0.0,0.0,0.065
1938595-19103010400,961.0,0,0.0,27.5,0.0,0.0,0.065
1973335-19193003300,970.0,0,1.0,48.1,0.0,0.0,0.065
1982425-19013002604,961.0,0,0.0,27.5,0.0,0.0,0.065
1982425-19013003002,961.0,0,0.0,27.5,0.0,0.0,0.065
2036000-20209040300,1000.0,0,0.0,32.1,0.0,1.0,0.071
2036000-20209040800,1000.0,0,0.0,32.1,0.0,1.0,0.071
2036000-20209041800,1000.0,0,0.0,32.1,0.0,1.0,0.071
2036000-20209042501,1000.0,0,0.0,32.1,0.0,1.0,0.071
2036000-20209043000,1000.0,0,0.0,32.1,0.0,1.0,0.071
2036000-20209044004,1000.0,0,0.0,32.1,0.0,1.0,0.071
2038900-20045001500,995.0,0,0.0,25.9,0.0,0.0,0.066
2052575-20091053801,1000.0,0,0.0,32.1,0.0,1.0,0.071
2053775-20091051700,1000.0,0,0.0,32.1,0.0,1.0,0.071
2053775-20091052201,1000.0,0,0.0,32.1,0.0,1.0,0.071
2071000-20177003301,995.0,0,0.0,25.9,0.0,0.0,0.066
2071000-20177003400,995.0,0,0.0,25.9,0.0,0.0,0.066
2071000-20177003901,995.0,0,0.0,25.9,0.0,0.0,0.066
2079000-20173006600,992.0,0,0.0,32.8,0.0,0.0,0.07
2079000-20173010111,992.0,0,0.0,32.8,0.0,0.0,0.07
2079000-20173010116,992.0,0,0.0,32.8,0.0,0.0,0.07
2146027-21067003916,1020.0,0,0.0,23.7,0.0,4.0,0.074
2148006-21111010001,1020.0,0,0.0,23.7,0.0,4.0,0.074
2148006-21111010004,1020.0,0,0.0,23.7,0.0,4.0,0.074
2148006-21111010005,1020.0,0,0.0,23.7,0.0,4.0,0.074
2148006-21111010006,1020.0,0,0.0,23.7,0.0,4.0,0.074
2148006-21111010007,1020.0,0,0.0,23.7,0.0,4.0,0.074
2148006-21111010008,1020.0,0,0.0,23.7,0.0,4.0,0.074
2148006-21111010312,1020.0,0,0.0,23.7,0.0,4.0,0.074
2148006-21111010601,1020.0,0,0.0,23.7,0.0,4.0,0.074
2148006-21111010701,1020.0,0,0.0,23.7,0.0,4.0,0.074
2148006-21111010705,1020.0,0,0.0,23.7,0.0,4.0,0.074
2148006-21111011112,1020.0,0,0.0,23.7,0.0,4.0,0.074
2148006-21111011403,1020.0,0,0.0,23.7,0.0,4.0,0.074
2148006-21111012802,1020.0,0,0.0,23.7,0.0,4.0,0.074
2205000-22033003201,1048.0,0,0.0,30.7,0.0,4.0,0.078
2205000-22033003507,1048.0,0,0.0,30.7,0.0,4.0,0.078
2205000-22033004011,1048.0,0,0.0,30.7,0.0,4.0,0.078
2240735-22055001402,1057.0,0,0.0,28.5,0.0,1.0,0.072
2240735-22055001411,1057.0,0,0.0,28.5,0.0,1.0,0.072
2240735-22055001903,1057.0,0,0.0,28.5,0.0,1.0,0.072
2240735-22055001905,1057.0,0,0.0,28.5,0.0,1.0,0.072
2241155-22019001700,1057.0,0,0.0,28.5,0.0,1.0,0.072
2255000-22071000601,1048.0,0,0.0,30.7,0.0,4.0,0.078
2255000-22071000701,1048.0,0,0.0,30.7,0.0,4.0,0.078
2255000-22071000901,1048.0,0,0.0,30.7,0.0,4.0,0.078
2255000-22071000902,1048.0,0,0.0,30.7,0.0,4.0,0.078
2255000-22071000903,1048.0,0,0.0,30.7,0.0,4.0,0.078
2255000-22071000904,1048.0,0,0.0,30.7,0.0,4.0,0.078
2255000-22071001500,1048.0,0,0.0,30.7,0.0,4.0,0.078
2255000-22071001730,1048.0,0,0.0,30.7,0.0,4.0,0.078
2255000-22071001734,1048.0,0,0.0,30.7,0.0,4.0,0.078
2255000-22071001751,1048.0,0,0.0,30.7,0.0,4.0,0.078
2255000-22071002100,1048.0,0,0.0,30.7,0.0,4.0,0.078
2255000-22071006900,1048.0,0,0.0,30.7,0.0,4.0,0.078
2255000-22071008600,1048.0,0,0.0,30.7,0.0,4.0,0.078
2255000-22071013600,1048.0,0,0.0,30.7,0.0,4.0,0.078
2255000-22071013800,1048.0,0,0.0,30.7,0.0,4.0,0.078
2255000-22071014300,1048.0,0,0.0,30.7,0.0,4.0,0.078
2270000-22015010400,1057.0,0,0.0,28.5,0.0,1.0,0.072
2270000-22015010801,1057.0,0,0.0,28.5,0.0,1.0,0.072
2270000-22017020600,1057.0,0,0.0,28.5,0.0,1.0,0.072
2270000-22017024102,1057.0,0,0.0,28.5,0.0,1.0,0.072
2270000-22017024304,1057.0,0,0.0,28.5,0.0,1.0,0.072
2270000-22017024503,1057.0,0,0.0,28.5,0.0,1.0,0.072
2270000-22017025406,1057.0,0,0.0,28.5,0.0,1.0,0.072
2507000-25025980101,1166.0,0,0.0,30.0,0.0,3.0,0.076
2507000-25025980300,1166.0,0,0.0,30.0,0.0,3.0,0.076
2507000-25025981100,1166.0,0,0.0,30.0,0.0,3.0,0.076
2507000-25025981202,1166.0,0,0.0,30.0,0.0,3.0,0.076
2507000-25025981300,1166.0,0,0.0,30.0,0.0,3.0,0.076
2507000-25025981800,1166.0,0,0.0,30.0,0.0,3.0,0.076
2622000-26163504800,1226.0,0,0.0,21.8,0.0,7.0,0.084
2622000-26163507800,1226.0,0,0.0,21.8,0.0,7.0,0.084
2622000-26163510400,1226.0,0,0.0,21.8,0.0,7.0,0.084
2622000-26163516100,1226.0,0,0.0,21.8,0.0,7.0,0.084
2622000-26163516200,1226.0,0,0.0,21.8,0.0,7.0,0.084
2622000-26163516300,1226.0,0,0.0,21.8,0.0,7.0,0.084
2622000-26163518400,1226.0,0,0.0,21.8,0.0,7.0,0.084
2622000-26163518600,1226.0,0,0.0,21.8,0.0,7.0,0.084
2622000-26163518800,1226.0,0,0.0,21.8,0.0,7.0,0.084
2622000-26163521300,1226.0,0,0.0,21.8,0.0,7.0,0.084
2622000-26163522100,1226.0,0,0.0,21.8,0.0,7.0,0.084
2622000-26163522200,1226.0,0,0.0,21.8,0.0,7.0,0.084
2622000-26163532300,1226.0,0,0.0,21.8,0.0,7.0,0.084
2622000-26163532700,1226.0,0,0.0,21.8,0.0,7.0,0.084
2622000-26163534500,1233.0,0,1.0,39.6,0.0,0.0,0.059
2622000-26163537200,1233.0,0,1.0,39.6,0.0,0.0,0.059
2622000-26163542700,1233.0,0,1.0,39.6,0.0,0.0,0.059
2622000-26163543900,1233.0,0,1.0,39.6,0.0,0.0,0.059
2622000-26163545400,1233.0,0,1.0,39.6,0.0,0.0,0.059
2622000-26163985100,1226.0,0,0.0,21.8,0.0,7.0,0.084
2634000-26081011600,1188.0,0,0.0,23.1,0.0,0.0,0.068
2634000-26081011801,1188.0,0,0.0,23.1,0.0,0.0,0.068
2634000-26081012605,1188.0,0,0.0,23.1,0.0,0.0,0.068
2642160-26077000202,1186.0,0,0.0,23.5,0.0,1.0,0.071
2646000-26065003400,1183.0,0,0.0,25.1,0.0,0.0,0.069
2646000-26065003801,1183.0,0,0.0,25.1,0.0,0.0,0.069
2646000-26065004000,1183.0,0,0.0,25.1,0.0,0.0,0.069
2646000-26065005202,1183.0,0,0.0,25.1,0.0,0.0,0.069
2669035-26125192800,1226.0,0,0.0,21.8,0.0,7.0,0.084
2684000-26099982300,1226.0,0,0.0,21.8,0.0,7.0,0.084
2717000-27137010100,1286.0,0,0.0,17.8,0.0,0.0,0.057
2717000-27137010200,1286.0,0,0.0,17.8,0.0,0.0,0.057
2717000-27137010300,1286.0,0,0.0,17.8,0.0,0.0,0.057
2754880-27109000903,1277.0,0,0.0,25.5,0.0,0.0,0.066
2754880-27109002200,1277.0,0,0.0,25.5,0.0,0.0,0.066
2829700-28047003101,1304.0,0,0.0,22.4,0.0,1.0,0.072
2829700-28047003505,1304.0,0,0.0,22.4,0.0,1.0,0.072
2829700-28047980000,1304.0,0,0.0,22.4,0.0,1.0,0.072
2836000-28049010500,1306.0,0,0.0,21.0,0.0,0.0,0.066
2836000-28089030105,1305.0,0,0.0,28.1,0.0,0.0,0.067
2915670-29019001602,1323.0,0,0.0,19.9,0.0,0.0,0.064
2915670-29019001702,1323.0,0,0.0,19.9,0.0,0.0,0.064
2935000-29095015100,1323.0,0,0.0,19.9,0.0,0.0,0.064
2935000-29095019300,1323.0,0,0.0,19.9,0.0,0.0,0.064
2938000-29037060100,1323.0,0,0.0,19.9,0.0,0.0,0.064
2938000-29047021900,1323.0,0,0.0,19.9,0.0,0.0,0.064
2938000-29047022100,1323.0,0,0.0,19.9,0.0,0.0,0.064
2938000-29095004400,1323.0,0,0.0,19.9,0.0,0.0,0.064
2938000-29095005400,1323.0,0,0.0,19.9,0.0,0.0,0.064
2938000-29095005500,1323.0,0,0.0,19.9,0.0,0.0,0.064
2938000-29095012802,1323.0,0,0.0,19.9,0.0,0.0,0.064
2938000-29095013504,1323.0,0,0.0,19.9,0.0,0.0,0.064
2938000-29095018100,1323.0,0,0.0,19.9,0.0,0.0,0.064
2938000-29095018200,1323.0,0,0.0,19.9,0.0,0.0,0.064
2938000-29165030101,1323.0,0,0.0,19.9,0.0,0.0,0.064
2938000-29165030600,1323.0,0,0.0,19.9,0.0,0.0,0.064
2941348-29037060302,1323.0,0,0.0,19.9,0.0,0.0,0.064
2941348-29095988300,1323.0,0,0.0,19.9,0.0,0.0,0.064
2954074-29183312095,1323.0,0,0.0,19.9,0.0,0.0,0.064
2964550-29021002200,1323.0,0,0.0,19.9,0.0,0.0,0.064
2964550-29021002700,1323.0,0,0.0,19.9,0.0,0.0,0.064
2964550-29021002900,1323.0,0,0.0,19.9,0.0,0.0,0.064
2970000-29077004102,1323.0,0,0.0,19.9,0.0,0.0,0.064
2970000-29077004201,1323.0,0,0.0,19.9,0.0,0.0,0.064
3006550-30111001401,1393.0,0,22.0,144.8,0.0,0.0,0.064
3050200-30063000400,1393.0,0,22.0,144.8,0.0,0.0,0.064
3050200-30063000901,1393.0,0,22.0,144.8,0.0,0.0,0.064
3050200-30063001400,1393.0,0,22.0,144.8,0.0,0.0,0.064
3128000-31109001900,1419.0,0,0.0,21.0,0.0,0.0,0.067
3128000-31109003500,1419.0,0,0.0,21.0,0.0,0.0,0.067
3128000-31109003604,1419.0,0,0.0,21.0,0.0,0.0,0.067
3128000-31109003720,1419.0,0,0.0,21.0,0.0,0.0,0.067
3128000-31109010202,1419.0,0,0.0,21.0,0.0,0.0,0.067
3128000-31109983200,1419.0,0,0.0,21.0,0.0,0.0,0.067
3137000-31055007303,1419.0,0,0.0,21.0,0.0,0.0,0.067
3137000-31055007442,1419.0,0,0.0,21.0,0.0,0.0,0.067
3137000-31055007470,1419.0,0,0.0,21.0,0.0,0.0,0.067
3137000-31055007472,1419.0,0,0.0,21.0,0.0,0.0,0.067
3137000-31055007515,1419.0,0,0.0,21.0,0.0,0.0,0.067
3231900-32003002843,1443.0,0,0.0,30.4,0.0,3.0,0.073
3231900-32003005010,1443.0,0,0.0,30.4,0.0,3.0,0.073
3231900-32003005016,1443.0,0,0.0,30.4,0.0,3.0,0.073
3240000-32003000900,1450.0,0,1.0,46.0,0.0,5.0,0.075
3240000-32003001501,1450.0,0,1.0,46.0,0.0,5.0,0.075
3240000-32003003242,1450.0,0,1.0,46.0,0.0,5.0,0.075
3251800-32003006001,1450.0,0,1.0,46.0,0.0,5.0,0.075
3251800-32003007800,1450.0,0,1.0,46.0,0.0,5.0,0.075
3260600-32031001010,1463.0,0,1.0,45.6,0.0,1.0,0.071
3260600-32031001011,1463.0,0,1.0,45.6,0.0,1.0,0.071
3260600-32031001013,1463.0,0,1.0,45.6,0.0,1.0,0.071
3260600-32031002103,1467.0,0,0.0,35.0,0.0,2.0,0.071
3260600-32031002210,1467.0,0,0.0,35.0,0.0,2.0,0.071
3260600-32031002302,1463.0,0,1.0,45.6,0.0,1.0,0.071
3260600-32031002618,1468.0,0,0.0,23.6,0.0,1.0,0.071
3260600-32031980000,1463.0,0,1.0,45.6,0.0,1.0,0.071
3268400-32031001802,1467.0,0,0.0,35.0,0.0,2.0,0.071
3436000-34017006900,1500.0,0,0.0,24.7,0.0,1.0,0.071
3451000-34013006400,1500.0,0,0.0,24.7,0.0,1.0,0.071
3502000-35001000801,1522.0,0,0.0,11.8,0.0,2.0,0.076
3502000-35001003501,1522.0,0,0.0,11.8,0.0,2.0,0.076
3502000-35001003731,1522.0,0,0.0,11.8,0.0,2.0,0.076
3502000-35001004300,1522.0,0,0.0,11.8,0.0,2.0,0.076
3502000-35001004401,1522.0,0,0.0,11.8,0.0,2.0,0.076
3502000-35001004603,1522.0,0,0.0,11.8,0.0,2.0,0.076
3539380-35013001102,1522.0,0,0.0,11.8,0.0,2.0,0.076
3539380-35013001103,1522.0,0,0.0,11.8,0.0,2.0,0.076
3539380-35013001204,1522.0,0,0.0,11.8,0.0,2.0,0.076
3539380-35013001303,1522.0,0,0.0,11.8,0.0,2.0,0.076
3539380-35013001307,1522.0,0,0.0,11.8,0.0,2.0,0.076
3539380-35013001500,1522.0,0,0.0,11.8,0.0,2.0,0.076
3563460-35001940600,1522.0,0,0.0,11.8,0.0,2.0,0.076
3570500-35049000400,1522.0,0,0.0,11.8,0.0,2.0,0.076
3570500-35049001203,1522.0,0,0.0,11.8,0.0,2.0,0.076
3570500-35049001205,1522.0,0,0.0,11.8,0.0,2.0,0.076
3570500-35049001302,1522.0,0,0.0,11.8,0.0,2.0,0.076
3570500-35049010204,1522.0,0,0.0,11.8,0.0,2.0,0.076
3651000-36005003700,1562.0,0,0.0,23.5,0.0,2.0,0.081
3651000-36005011000,1562.0,0,0.0,23.5,0.0,2.0,0.081
3651000-36005027600,1564.0,0,0.0,19.9,0.0,2.0,0.079
3651000-36005028400,1564.0,0,0.0,19.9,0.0,2.0,0.079
3651000-36005031900,1564.0,0,0.0,19.9,0.0,2.0,0.079
3651000-36047001100,1602.0,0,0.0,19.9,0.0,6.0,0.086
3651000-36047003700,1602.0,0,0.0,19.9,0.0,6.0,0.086
3651000-36047016400,1602.0,0,0.0,19.9,0.0,6.0,0.086
3651000-36047028501,1602.0,0,0.0,19.9,0.0,6.0,0.086
3651000-36047045000,1602.0,0,0.0,19.9,0.0,6.0,0.086
3651000-36047054300,1602.0,0,0.0,19.9,0.0,6.0,0.086
3651000-36047107000,1602.0,0,0.0,19.9,0.0,6.0,0.086
3651000-36061000900,1562.0,0,0.0,23.5,0.0,2.0,0.081
3651000-36061009400,1562.0,0,0.0,23.5,0.0,2.0,0.081
3651000-36061009600,1562.0,0,0.0,23.5,0.0,2.0,0.081
3651000-36061010200,1562.0,0,0.0,23.5,0.0,2.0,0.081
3651000-36061010400,1562.0,0,0.0,23.5,0.0,2.0,0.081
3651000-36061010900,1562.0,0,0.0,23.5,0.0,2.0,0.081
3651000-36061011201,1562.0,0,0.0,23.5,0.0,2.0,0.081
3651000-36061011202,1562.0,0,0.0,23.5,0.0,2.0,0.081
3651000-36061011300,1562.0,0,0.0,23.5,0.0,2.0,0.081
3651000-36061019701,1562.0,0,0.0,23.5,0.0,2.0,0.081
3651000-36061029700,1564.0,0,0.0,19.9,0.0,2.0,0.079
3651000-36081038302,1602.0,0,0.0,19.9,0.0,6.0,0.086
3651000-36081042600,1602.0,0,0.0,19.9,0.0,6.0,0.086
3651000-36081056100,1602.0,0,0.0,19.9,0.0,6.0,0.086
3651000-36081064102,1602.0,0,0.0,19.9,0.0,6.0,0.086
3651000-36081128300,1602.0,0,0.0,19.9,0.0,6.0,0.086
3651000-36081138502,1602.0,0,0.0,19.9,0.0,6.0,0.086
3651000-36081140901,1602.0,0,0.0,19.9,0.0,6.0,0.086
3651000-36085001800,1602.0,0,0.0,19.9,0.0,6.0,0.086
3651000-36085022800,1602.0,0,0.0,19.9,0.0,6.0,0.086
3673000-36067000100,1564.0,0,0.0,19.9,0.0,2.0,0.079
3702140-37021002205,1658.0,0,0.0,25.7,0.0,2.0,0.073
3702140-37021002505,1658.0,0,0.0,25.7,0.0,2.0,0.073
3702140-37021002506,1658.0,0,0.0,25.7,0.0,2.0,0.073
3702140-37021003001,1658.0,0,0.0,25.7,0.0,2.0,0.073
3710740-37183053606,1676.0,0,0.0,23.0,0.0,0.0,0.07
3712000-37119000300,1658.0,0,0.0,25.7,0.0,2.0,0.073
3712000-37119000700,1658.0,0,0.0,25.7,0.0,2.0,0.073
3712000-37119002600,1658.0,0,0.0,25.7,0.0,2.0,0.073
3712000-37119004900,1658.0,0,0.0,25.7,0.0,2.0,0.073
3712000-37119005615,1658.0,0,0.0,25.7,0.0,2.0,0.073
3712000-37119005616,1658.0,0,0.0,25.7,0.0,2.0,0.073
3712000-37119005710,1658.0,0,0.0,25.7,0.0,2.0,0.073
3712000-37119005829,1658.0,0,0.0,25.7,0.0,2.0,0.073
3712000-37119005833,1658.0,0,0.0,25.7,0.0,2.0,0.073
3712000-37119005911,1658.0,0,0.0,25.7,0.0,2.0,0.073
3714100-37025040702,1658.0,0,0.0,25.7,0.0,2.0,0.073
3714100-37025040703,1658.0,0,0.0,25.7,0.0,2.0,0.073
3722920-37051001604,1676.0,0,0.0,23.0,0.0,0.0,0.07
3722920-37051002401,1676.0,0,0.0,23.0,0.0,0.0,0.07
3725580-37071030802,1658.0,0,0.0,25.7,0.0,2.0,0.073
3725580-37071030902,1658.0,0,0.0,25.7,0.0,2.0,0.073
3725580-37071031402,1658.0,0,0.0,25.7,0.0,2.0,0.073
3725580-37071032200,1658.0,0,0.0,25.7,0.0,2.0,0.073
3725580-37071033202,1658.0,0,0.0,25.7,0.0,2.0,0.073
3725580-37071033400,1658.0,0,0.0,25.7,0.0,2.0,0.073
3728000-37081015100,1644.0,0,0.0,18.5,0.0,1.0,0.074
3728000-37081016003,1644.0,0,0.0,18.5,0.0,1.0,0.074
3728000-37081016201,1644.0,0,0.0,18.5,0.0,1.0,0.074
3728000-37081016204,1644.0,0,0.0,18.5,0.0,1.0,0.074
3728000-37081017200,1644.0,0,0.0,18.5,0.0,1.0,0.074
3728080-37147001003,1676.0,0,0.0,23.0,0.0,0.0,0.07
3728080-37147001200,1676.0,0,0.0,23.0,0.0,0.0,0.07
3728080-37147001301,1676.0,0,0.0,23.0,0.0,0.0,0.07
3728080-37147001700,1676.0,0,0.0,23.0,0.0,0.0,0.07
3728080-37147002002,1676.0,0,0.0,23.0,0.0,0.0,0.07
3731400-37057060602,1639.0,0,0.0,12.9,0.0,0.0,0.068
3731400-37081016408,1644.0,0,0.0,18.5,0.0,1.0,0.074
3731400-37081016409,1644.0,0,0.0,18.5,0.0,1.0,0.074
3731400-37081016600,1644.0,0,0.0,18.5,0.0,1.0,0.074
3734200-37133001102,1676.0,0,0.0,23.0,0.0,0.0,0.07
3755000-37183053712,1676.0,0,0.0,23.0,0.0,0.0,0.07
3755000-37183053721,1676.0,0,0.0,23.0,0.0,0.0,0.07
3755000-37183054113,1676.0,0,0.0,23.0,0.0,0.0,0.07
3755000-37183054210,1676.0,0,0.0,23.0,0.0,0.0,0.07
3775000-37067002801,1639.0,0,0.0,12.9,0.0,0.0,0.068
3775000-37067003003,1639.0,0,0.0,12.9,0.0,0.0,0.068
3775000-37067003402,1639.0,0,0.0,12.9,0.0,0.0,0.068
3775000-37067004011,1639.0,0,0.0,12.9,0.0,0.0,0.068
3901000-39153520301,1725.0,0,0.0,33.6,0.0,0.0,0.07
3901000-39153531002,1725.0,0,0.0,33.6,0.0,0.0,0.07
3901000-39153531101,1725.0,0,0.0,33.6,0.0,0.0,0.07
3901000-39153532902,1725.0,0,0.0,33.6,0.0,0.0,0.07
3901000-39153533400,1725.0,0,0.0,33.6,0.0,0.0,0.07
3912000-39151711600,1725.0,0,0.0,33.6,0.0,0.0,0.07
3912000-39151711800,1725.0,0,0.0,33.6,0.0,0.0,0.07
3912000-39151712300,1725.0,0,0.0,33.6,0.0,0.0,0.07
3912000-39151713100,1725.0,0,0.0,33.6,0.0,0.0,0.07
3915000-39061001100,1753.0,0,0.0,20.8,0.0,4.0,0.079
3915000-39061004500,1753.0,0,0.0,20.8,0.0,4.0,0.079
3915000-39061004702,1753.0,0,0.0,20.8,0.0,4.0,0.079
3915000-39061005400,1753.0,0,0.0,20.8,0.0,4.0,0.079
3915000-39061010700,1753.0,0,0.0,20.8,0.0,4.0,0.079
3915000-39061010800,1753.0,0,0.0,20.8,0.0,4.0,0.079
3915000-39061020901,1753.0,0,0.0,20.8,0.0,4.0,0.079
3915000-39061021401,1753.0,0,0.0,20.8,0.0,4.0,0.079
3915000-39061024200,1753.0,0,0.0,20.8,0.0,4.0,0.079
3915000-39061024400,1753.0,0,0.0,20.8,0.0,4.0,0.079
3916000-39035110501,1725.0,0,0.0,33.6,0.0,0.0,0.07
3916000-39035111800,1725.0,0,0.0,33.6,0.0,0.0,0.07
3916000-39035111902,1725.0,0,0.0,33.6,0.0,0.0,0.07
3916000-39035113101,1725.0,0,0.0,33.6,0.0,0.0,0.07
3916000-39035114700,1725.0,0,0.0,33.6,0.0,0.0,0.07
3916000-39035115200,1725.0,0,0.0,33.6,0.0,0.0,0.07
3916000-39035115300,1725.0,0,0.0,33.6,0.0,0.0,0.07
3916000-39035116100,1719.0,0,0.0,24.9,0.0,2.0,0.078
3916000-39035118500,1719.0,0,0.0,24.9,0.0,2.0,0.078
3916000-39035119100,1725.0,0,0.0,33.6,0.0,0.0,0.07
3918000-39049006321,1742.0,0,1.0,36.2,0.0,0.0,0.07
3918000-39049006500,1742.0,0,1.0,36.2,0.0,0.0,0.07
3918000-39049007120,1742.0,0,1.0,36.2,0.0,0.0,0.07
3918000-39049007424,1742.0,0,1.0,36.2,0.0,0.0,0.07
3918000-39049007921,1742.0,0,1.0,36.2,0.0,0.0,0.07
3918000-39049008330,1742.0,0,1.0,36.2,0.0,0.0,0.07
3918000-39049008400,1742.0,0,1.0,36.2,0.0,0.0,0.07
3918000-39049009331,1742.0,0,1.0,36.2,0.0,0.0,0.07
3918000-39049009381,1742.0,0,1.0,36.2,0.0,0.0,0.07
3918000-39049009390,1742.0,0,1.0,36.2,0.0,0.0,0.07
3918000-39049009410,1742.0,0,1.0,36.2,0.0,0.0,0.07
3918000-39049009420,1742.0,0,1.0,36.2,0.0,0.0,0.07
3918000-39049009520,1742.0,0,1.0,36.2,0.0,0.0,0.07
3918000-39049009590,1742.0,0,1.0,36.2,0.0,0.0,0.07
3918000-39049009800,1742.0,0,1.0,36.2,0.0,0.0,0.07
3918000-39049010100,1742.0,0,1.0,36.2,0.0,0.0,0.07
3921000-39113001700,1753.0,0,0.0,20.8,0.0,4.0,0.079
3921000-39113070201,1753.0,0,0.0,20.8,0.0,4.0,0.079
3921000-39113070300,1753.0,0,0.0,20.8,0.0,4.0,0.079
3921000-39113080100,1753.0,0,0.0,20.8,0.0,4.0,0.079
3921000-39113080400,1753.0,0,0.0,20.8,0.0,4.0,0.079
3921000-39113080700,1753.0,0,0.0,20.8,0.0,4.0,0.079
3921000-39113091000,1753.0,0,0.0,20.8,0.0,4.0,0.079
3921000-39113110202,1753.0,0,0.0,20.8,0.0,4.0,0.079
3977000-39095003400,1775.0,0,0.0,22.2,0.0,0.0,0.066
3977000-39095008400,1775.0,0,0.0,22.2,0.0,0.0,0.066
3988000-39099800400,1719.0,0,0.0,24.9,0.0,2.0,0.078
3988000-39099804300,1719.0,0,0.0,24.9,0.0,2.0,0.078
4009050-40143007520,1879.0,0,0.0,28.4,0.0,0.0,0.068
4009050-40145030402,1879.0,0,0.0,28.4,0.0,0.0,0.068
4009050-40145030505,1879.0,0,0.0,28.4,0.0,0.0,0.068
4009050-40145030506,1879.0,0,0.0,28.4,0.0,0.0,0.068
4009050-40145030511,1879.0,0,0.0,28.4,0.0,0.0,0.068
4009050-40145030601,1879.0,0,0.0,28.4,0.0,0.0,0.068
4009050-40145030800,1879.0,0,0.0,28.4,0.0,0.0,0.068
4023200-40109109202,1864.0,0,0.0,22.3,0.0,4.0,0.075
4041850-40031002301,1841.0,0,0.0,17.7,0.0,1.0,0.075
4041850-40031002401,1841.0,0,0.0,17.7,0.0,1.0,0.075
4052500-40027200100,1864.0,0,0.0,22.3,0.0,4.0,0.075
4052500-40027200700,1864.0,0,0.0,22.3,0.0,4.0,0.075
4052500-40027202203,1864.0,0,0.0,22.3,0.0,4.0,0.075
4055000-40017300201,1864.0,0,0.0,22.3,0.0,4.0,0.075
4055000-40017301001,1864.0,0,0.0,22.3,0.0,4.0,0.075
4055000-40017301100,1864.0,0,0.0,22.3,0.0,4.0,0.075
4055000-40027202005,1864.0,0,0.0,22.3,0.0,4.0,0.075
4055000-40027202107,1864.0,0,0.0,22.3,0.0,4.0,0.075
4055000-40027202201,1864.0,0,0.0,22.3,0.0,4.0,0.075
4055000-40109100600,1864.0,0,0.0,22.3,0.0,4.0,0.075
4055000-40109101100,1864.0,0,0.0,22.3,0.0,4.0,0.075
4055000-40109101600,1864.0,0,0.0,22.3,0.0,4.0,0.075
4055000-40109102500,1864.0,0,0.0,22.3,0.0,4.0,0.075
4055000-40109102600,1864.0,0,0.0,22.3,0.0,4.0,0.075
4055000-40109102700,1864.0,0,0.0,22.3,0.0,4.0,0.075
4055000-40109102900,1864.0,0,0.0,22.3,0.0,4.0,0.075
4055000-40109103000,1864.0,0,0.0,22.3,0.0,4.0,0.075
4055000-40109103400,1864.0,0,0.0,22.3,0.0,4.0,0.075
4055000-40109103500,1864.0,0,0.0,22.3,0.0,4.0,0.075
4055000-40109103601,1864.0,0,0.0,22.3,0.0,4.0,0.075
4055000-40109103602,1864.0,0,0.0,22.3,0.0,4.0,0.075
4055000-40109103700,1864.0,0,0.0,22.3,0.0,4.0,0.075
4055000-40109103800,1864.0,0,0.0,22.3,0.0,4.0,0.075
4055000-40109104000,1864.0,0,0.0,22.3,0.0,4.0,0.075
4055000-40109105800,1864.0,0,0.0,22.3,0.0,4.0,0.075
4055000-40109106000,1864.0,0,0.0,22.3,0.0,4.0,0.075
4055000-40109106403,1864.0,0,0.0,22.3,0.0,4.0,0.075
4055000-40109106903,1864.0,0,0.0,22.3,0.0,4.0,0.075
4055000-40109106910,1864.0,0,0.0,22.3,0.0,4.0,0.075
4055000-40109107303,1864.0,0,0.0,22.3,0.0,4.0,0.075
4055000-40109108005,1864.0,0,0.0,22.3,0.0,4.0,0.075
4055000-40109108602,1864.0,0,0.0,22.3,0.0,4.0,0.075
4055000-40109109001,1864.0,0,0.0,22.3,0.0,4.0,0.075
4055000-40109109100,1864.0,0,0.0,22.3,0.0,4.0,0.075
4055000-40109109201,1864.0,0,0.0,22.3,0.0,4.0,0.075
4055000-40109109202,1864.0,0,0.0,22.3,0.0,4.0,0.075
4055000-40125501003,1864.0,0,0.0,22.3,0.0,4.0,0.075
4075000-40113940005,1879.0,0,0.0,28.4,0.0,0.0,0.068
4075000-40143002900,1879.0,0,0.0,28.4,0.0,0.0,0.068
4075000-40143006600,1879.0,0,0.0,28.4,0.0,0.0,0.068
4075000-40143009104,1879.0,0,0.0,28.4,0.0,0.0,0.068
4075000-40143011100,1879.0,0,0.0,28.4,0.0,0.0,0.068
4075000-40145030403,1879.0,0,0.0,28.4,0.0,0.0,0.068
4105350-41067030102,1920.0,0,2.0,53.1,0.0,1.0,0.087
4105350-41067030300,1920.0,0,2.0,53.1,0.0,1.0,0.087
4105350-41067030402,1920.0,0,2.0,53.1,0.0,1.0,0.087
4105350-41067031403,1920.0,0,2.0,53.1,0.0,1.0,0.087
4105800-41017000100,1908.0,0,3.0,152.5,0.0,3.0,0.091
4123850-41039001002,1908.0,0,3.0,152.5,0.0,3.0,0.091
4123850-41039004100,1908.0,0,3.0,152.5,0.0,3.0,0.091
4131250-41051009301,1920.0,0,2.0,53.1,0.0,1.0,0.087
4131250-41051010303,1920.0,0,2.0,53.1,0.0,1.0,0.087
4134100-41067031606,1920.0,0,2.0,53.1,0.0,1.0,0.087
4147000-41029000900,1908.0,0,3.0,152.5,0.0,3.0,0.091
4147000-41029001001,1908.0,0,3.0,152.5,0.0,3.0,0.091
4147000-41029001601,1908.0,0,3.0,152.5,0.0,3.0,0.091
4159000-41005020800,1920.0,0,2.0,53.1,0.0,1.0,0.087
4159000-41005020900,1920.0,0,2.0,53.1,0.0,1.0,0.087
4159000-41005022206,1920.0,0,2.0,53.1,0.0,1.0,0.087
4159000-41005022208,1920.0,0,2.0,53.1,0.0,1.0,0.087
4159000-41051009803,1920.0,0,2.0,53.1,0.0,1.0,0.087
4159000-41051009903,1920.0,0,2.0,53.1,0.0,1.0,0.087
4159000-41051010200,1920.0,0,2.0,53.1,0.0,1.0,0.087
4159000-41067030102,1920.0,0,2.0,53.1,0.0,1.0,0.087
4159000-41067030402,1920.0,0,2.0,53.1,0.0,1.0,0.087
4159000-41067030502,1920.0,0,2.0,53.1,0.0,1.0,0.087
4159000-41067030600,1920.0,0,2.0,53.1,0.0,1.0,0.087
4164900-41047001801,1920.0,0,2.0,53.1,0.0,1.0,0.087
4164900-41047002502,1920.0,0,2.0,53.1,0.0,1.0,0.087
4260000-42101008801,2016.0,0,0.0,23.2,0.0,0.0,0.05
4260000-42101014800,2016.0,0,0.0,23.2,0.0,0.0,0.05
4260000-42101036400,2016.0,0,0.0,23.2,0.0,0.0,0.05
4260000-42101038100,2019.0,0,0.0,24.5,0.0,9.0,0.079
4260000-42101980000,2016.0,0,0.0,23.2,0.0,0.0,0.05
4260000-42101980100,2016.0,0,0.0,23.2,0.0,0.0,0.05
4260000-42101980200,2016.0,0,0.0,23.2,0.0,0.0,0.05
4261000-42003020300,1943.0,0,0.0,29.0,0.0,0.0,0.069
4261000-42003101600,1943.0,0,0.0,29.0,0.0,0.0,0.069
4261000-42003120400,1943.0,0,0.0,29.0,0.0,0.0,0.069
4261000-42003120700,1943.0,0,0.0,29.0,0.0,0.0,0.069
4261000-42003120800,1943.0,0,0.0,29.0,0.0,0.0,0.069
4261000-42003141000,1943.0,0,0.0,29.0,0.0,0.0,0.069
4261000-42003241200,1943.0,0,0.0,29.0,0.0,0.0,0.069
4261000-42003250700,1943.0,0,0.0,29.0,0.0,0.0,0.069
4261000-42003310300,1943.0,0,0.0,29.0,0.0,0.0,0.069
4261000-42003561700,1943.0,0,0.0,29.0,0.0,0.0,0.069
4261000-42003980000,1943.0,0,0.0,29.0,0.0,0.0,0.069
4261000-42003981800,1943.0,0,0.0,29.0,0.0,0.0,0.069
4652980-46103010903,2092.0,0,0.0,31.5,0.0,0.0,0.069
4659020-46099010401,2092.0,0,0.0,31.5,0.0,0.0,0.069
4659020-46099010404,2092.0,0,0.0,31.5,0.0,0.0,0.069
4659020-46099010406,2092.0,0,0.0,31.5,0.0,0.0,0.069
4714000-47065010413,2118.0,0,0.0,20.6,0.0,0.0,0.07
4714000-47065010434,2118.0,0,0.0,20.6,0.0,0.0,0.07
4714000-47065010902,2118.0,0,0.0,20.6,0.0,0.0,0.07
4714000-47065011700,2118.0,0,0.0,20.6,0.0,0.0,0.07
4740000-47093004606,2118.0,0,0.0,20.6,0.0,0.0,0.07
4740000-47093004610,2118.0,0,0.0,20.6,0.0,0.0,0.07
4740000-47093005202,2118.0,0,0.0,20.6,0.0,0.0,0.07
4740000-47093005301,2118.0,0,0.0,20.6,0.0,0.0,0.07
4740000-47093005401,2118.0,0,0.0,20.6,0.0,0.0,0.07
4740000-47093005603,2118.0,0,0.0,20.6,0.0,0.0,0.07
4740000-47093005604,2118.0,0,0.0,20.6,0.0,0.0,0.07
4740000-47093005701,2118.0,0,0.0,20.6,0.0,0.0,0.07
4740000-47093005704,2118.0,0,0.0,20.6,0.0,0.0,0.07
4740000-47093005709,2118.0,0,0.0,20.6,0.0,0.0,0.07
4740000-47093005712,2118.0,0,0.0,20.6,0.0,0.0,0.07
4740000-47093005807,2118.0,0,0.0,20.6,0.0,0.0,0.07
4740000-47093006104,2118.0,0,0.0,20.6,0.0,0.0,0.07
4740000-47093006207,2118.0,0,0.0,20.6,0.0,0.0,0.07
4748000-47157004500,2132.0,0,0.0,16.4,0.0,2.0,0.071
4748000-47157020622,2132.0,0,0.0,16.4,0.0,2.0,0.071
4748000-47157021139,2132.0,0,0.0,16.4,0.0,2.0,0.071
4748000-47157980100,2132.0,0,0.0,16.4,0.0,2.0,0.071
4748000-47157980400,2132.0,0,0.0,16.4,0.0,2.0,0.071
4751560-47149040302,2118.0,0,0.0,20.6,0.0,0.0,0.07
4751560-47149040702,2118.0,0,0.0,20.6,0.0,0.0,0.07
4751560-47149040901,2118.0,0,0.0,20.6,0.0,0.0,0.07
4752006-47037016000,2118.0,0,0.0,20.6,0.0,0.0,0.07
4752006-47037017200,2118.0,0,0.0,20.6,0.0,0.0,0.07
4752006-47037017701,2118.0,0,0.0,20.6,0.0,0.0,0.07
4752006-47037018601,2118.0,0,0.0,20.6,0.0,0.0,0.07
4752006-47037018602,2118.0,0,0.0,20.6,0.0,0.0,0.07
4752006-47037018700,2118.0,0,0.0,20.6,0.0,0.0,0.07
4801000-48253020101,2263.0,0,0.0,18.0,0.0,6.0,0.079
4801000-48441012100,2263.0,0,0.0,18.0,0.0,6.0,0.079
4801000-48441013000,2263.0,0,0.0,18.0,0.0,6.0,0.079
4801000-48441013200,2263.0,0,0.0,18.0,0.0,6.0,0.079
4803000-48375013400,2263.0,0,0.0,18.0,0.0,6.0,0.079
4804000-48439111545,2263.0,0,0.0,18.0,0.0,6.0,0.079
4804000-48439113002,2170.0,0,0.0,25.2,0.0,4.0,0.082
4805000-48453001606,2146.0,0,1.0,46.3,0.0,4.0,0.08
4805000-48453001742,2146.0,0,1.0,46.3,0.0,4.0,0.08
4805000-48453001783,2146.0,0,1.0,46.3,0.0,4.0,0.08
4805000-48453001784,2146.0,0,1.0,46.3,0.0,4.0,0.08
4805000-48453001919,2146.0,0,1.0,46.3,0.0,4.0,0.08
4805000-48453002212,2146.0,0,1.0,46.3,0.0,4.0,0.08
4805000-48453002319,2146.0,0,1.0,46.3,0.0,4.0,0.08
4805000-48453002429,2146.0,0,1.0,46.3,0.0,4.0,0.08
4805000-48453002432,2146.0,0,1.0,46.3,0.0,4.0,0.08
4805000-48491020411,2146.0,0,1.0,46.3,0.0,4.0,0.08
4806128-48201253400,2209.0,0,1.0,36.5,0.0,3.0,0.081
4807000-48245011201,2209.0,0,1.0,36.5,0.0,3.0,0.081
4807000-48245011400,2209.0,0,1.0,36.5,0.0,3.0,0.081
4810768-48061012200,2159.0,0,0.0,27.5,0.0,0.0,0.06
4810768-48061012505,2159.0,0,0.0,27.5,0.0,0.0,0.06
4810768-48061012506,2159.0,0,0.0,27.5,0.0,0.0,0.06
4810768-48061012609,2159.0,0,0.0,27.5,0.0,0.0,0.06
4810768-48061013206,2159.0,0,0.0,27.5,0.0,0.0,0.06
4810768-48061013207,2159.0,0,0.0,27.5,0.0,0.0,0.06
4813024-48113014002,2170.0,0,0.0,25.2,0.0,4.0,0.082
4813024-48121021627,2170.0,0,0.0,25.2,0.0,4.0,0.082
4813024-48121021637,2170.0,0,0.0,25.2,0.0,4.0,0.082
4813024-48121021638,2170.0,0,0.0,25.2,0.0,4.0,0.082
4815976-48041000202,2195.0,0,0.0,32.1,0.0,8.0,0.08
4815976-48041002010,2195.0,0,0.0,32.1,0.0,8.0,0.08
4815976-48041002011,2195.0,0,0.0,32.1,0.0,8.0,0.08
4815976-48041002014,2195.0,0,0.0,32.1,0.0,8.0,0.08
4817000-48355002900,2218.0,0,0.0,28.9,0.0,0.0,0.064
4817000-48355005802,2149.0,0,0.0,29.2,0.0,0.0,0.069
4819000-48085031804,2170.0,0,0.0,25.2,0.0,4.0,0.082
4819000-48113001701,2170.0,0,0.0,25.2,0.0,4.0,0.082
4819000-48113007826,2170.0,0,0.0,25.2,0.0,4.0,0.082
4819000-48113013104,2170.0,0,0.0,25.2,0.0,4.0,0.082
4819000-48113015900,2170.0,0,0.0,25.2,0.0,4.0,0.082
4819000-48113016301,2170.0,0,0.0,25.2,0.0,4.0,0.082
4819000-48113016703,2170.0,0,0.0,25.2,0.0,4.0,0.082
4819000-48113017003,2170.0,0,0.0,25.2,0.0,4.0,0.082
4819000-48113017900,2170.0,0,0.0,25.2,0.0,4.0,0.082
4819000-48113018001,2170.0,0,0.0,25.2,0.0,4.0,0.082
4819000-48113019900,2170.0,0,0.0,25.2,0.0,4.0,0.082
4819000-48121021632,2170.0,0,0.0,25.2,0.0,4.0,0.082
4819972-48121020205,2170.0,0,0.0,25.2,0.0,4.0,0.082
4819972-48121020506,2170.0,0,0.0,25.2,0.0,4.0,0.082
4819972-48121021409,2170.0,0,0.0,25.2,0.0,4.0,0.082
4822660-48215023511,2218.0,0,0.0,28.9,0.0,0.0,0.064
4824000-48141001203,2181.0,0,0.0,28.0,0.0,10.0,0.075
4824000-48141001700,2181.0,0,0.0,28.0,0.0,10.0,0.075
4827000-48439105006,2263.0,0,0.0,18.0,0.0,6.0,0.079
4827000-48439110401,2263.0,0,0.0,18.0,0.0,6.0,0.079
4827000-48439110500,2263.0,0,0.0,18.0,0.0,6.0,0.079
4827000-48439111008,2263.0,0,0.0,18.0,0.0,6.0,0.079
4827000-48439111016,2263.0,0,0.0,18.0,0.0,6.0,0.079
4827000-48439111301,2263.0,0,0.0,18.0,0.0,6.0,0.079
4827684-48085030524,2170.0,0,0.0,25.2,0.0,4.0,0.082
4827684-48121021522,2170.0,0,0.0,25.2,0.0,4.0,0.082
4829000-48085032011,2170.0,0,0.0,25.2,0.0,4.0,0.082
4829000-48113017808,2170.0,0,0.0,25.2,0.0,4.0,0.082
4829000-48113018130,2170.0,0,0.0,25.2,0.0,4.0,0.082
4829000-48113018403,2170.0,0,0.0,25.2,0.0,4.0,0.082
4829000-48113018802,2170.0,0,0.0,25.2,0.0,4.0,0.082
4830464-48113016523,2170.0,0,0.0,25.2,0.0,4.0,0.082
4830464-48439113116,2170.0,0,0.0,25.2,0.0,4.0,0.082
4835000-48157672400,2210.0,0,0.0,32.1,0.0,6.0,0.078
4835000-48157672900,2195.0,0,0.0,32.1,0.0,8.0,0.08
4835000-48157673002,2195.0,0,0.0,32.1,0.0,8.0,0.08
4835000-48157673003,2195.0,0,0.0,32.1,0.0,8.0,0.08
4835000-48157673102,2195.0,0,0.0,32.1,0.0,8.0,0.08
4835000-48201222300,2195.0,0,0.0,32.1,0.0,8.0,0.08
4835000-48201222401,2195.0,0,0.0,32.1,0.0,8.0,0.08
4835000-48201231700,2195.0,0,0.0,32.1,0.0,8.0,0.08
4835000-48201232403,2209.0,0,1.0,36.5,0.0,3.0,0.081
4835000-48201232900,2209.0,0,1.0,36.5,0.0,3.0,0.081
4835000-48201233101,2209.0,0,1.0,36.5,0.0,3.0,0.081
4835000-48201233103,2209.0,0,1.0,36.5,0.0,3.0,0.081
4835000-48201240400,2195.0,0,0.0,32.1,0.0,8.0,0.08
4835000-48201240701,2195.0,0,0.0,32.1,0.0,8.0,0.08
4835000-48201240702,2195.0,0,0.0,32.1,0.0,8.0,0.08
4835000-48201241300,2195.0,0,0.0,32.1,0.0,8.0,0.08
4835000-48201250100,2195.0,0,0.0,32.1,0.0,8.0,0.08
4835000-48201250402,2195.0,0,0.0,32.1,0.0,8.0,0.08
4835000-48201250600,2195.0,0,0.0,32.1,0.0,8.0,0.08
4835000-48201250701,2195.0,0,0.0,32.1,0.0,8.0,0.08
4835000-48201250702,2195.0,0,0.0,32.1,0.0,8.0,0.08
4835000-48201250800,2195.0,0,0.0,32.1,0.0,8.0,0.08
4835000-48201251600,2195.0,0,0.0,32.1,0.0,8.0,0.08
4835000-48201251901,2195.0,0,0.0,32.1,0.0,8.0,0.08
4835000-48201252200,2209.0,0,1.0,36.5,0.0,3.0,0.081
4835000-48201252500,2209.0,0,1.0,36.5,0.0,3.0,0.081
4835000-48201324000,2210.0,0,0.0,32.1,0.0,6.0,0.078
4835000-48201350100,2210.0,0,0.0,32.1,0.0,6.0,0.078
4835000-48201350601,2210.0,0,0.0,32.1,0.0,6.0,0.078
4835000-48201412800,2210.0,0,0.0,32.1,0.0,6.0,0.078
4835000-48201452600,2210.0,0,0.0,32.1,0.0,6.0,0.078
4835000-48201454302,2195.0,0,0.0,32.1,0.0,8.0,0.08
4835000-48201454400,2195.0,0,0.0,32.1,0.0,8.0,0.08
4835000-48201454501,2195.0,0,0.0,32.1,0.0,8.0,0.08
4835000-48201454502,2195.0,0,0.0,32.1,0.0,8.0,0.08
4835000-48201454700,2195.0,0,0.0,32.1,0.0,8.0,0.08
4835000-48201455200,2195.0,0,0.0,32.1,0.0,8.0,0.08
4835000-48201455300,2195.0,0,0.0,32.1,0.0,8.0,0.08
4835000-48201532501,2195.0,0,0.0,32.1,0.0,8.0,0.08
4835000-48201532900,2195.0,0,0.0,32.1,0.0,8.0,0.08
4835000-48201534001,2195.0,0,0.0,32.1,0.0,8.0,0.08
4835000-48201534002,2195.0,0,0.0,32.1,0.0,8.0,0.08
4835000-48201534003,2195.0,0,0.0,32.1,0.0,8.0,0.08
4835000-48201540100,2195.0,0,0.0,32.1,0.0,8.0,0.08
4835000-48201540501,2195.0,0,0.0,32.1,0.0,8.0,0.08
4835000-48201540602,2195.0,0,0.0,32.1,0.0,8.0,0.08
4835000-48201541001,2195.0,0,0.0,32.1,0.0,8.0,0.08
4835000-48201542400,2195.0,0,0.0,32.1,0.0,8.0,0.08
4835000-48201543002,2195.0,0,0.0,32.1,0.0,8.0,0.08
4835000-48201550301,2195.0,0,0.0,32.1,0.0,8.0,0.08
4835000-48201550302,2195.0,0,0.0,32.1,0.0,8.0,0.08
4835000-48201550401,2195.0,0,0.0,32.1,0.0,8.0,0.08
4835000-48201550402,2195.0,0,0.0,32.1,0.0,8.0,0.08
4835000-48201550500,2195.0,0,0.0,32.1,0.0,8.0,0.08
4835000-48201551000,2195.0,0,0.0,32.1,0.0,8.0,0.08
4835000-48201551400,2195.0,0,0.0,32.1,0.0,8.0,0.08
4835000-48201552002,2195.0,0,0.0,32.1,0.0,8.0,0.08
4835000-48201552101,2195.0,0,0.0,32.1,0.0,8.0,0.08
4835000-48201552800,2195.0,0,0.0,32.1,0.0,8.0,0.08
4835000-48201552900,2195.0,0,0.0,32.1,0.0,8.0,0.08
4835000-48201553001,2195.0,0,0.0,32.1,0.0,8.0,0.08
4835000-48201553002,2195.0,0,0.0,32.1,0.0,8.0,0.08
4835000-48201553200,2195.0,0,0.0,32.1,0.0,8.0,0.08
4835000-48201980100,2195.0,0,0.0,32.1,0.0,8.0,0.08
4839148-48027023201,2263.0,0,0.0,18.0,0.0,6.0,0.079
4841464-48479001710,2218.0,0,0.0,28.9,0.0,0.0,0.064
4841980-48167720800,2210.0,0,0.0,32.1,0.0,6.0,0.078
4842508-48113014134,2170.0,0,0.0,25.2,0.0,4.0,0.082
4842508-48113020000,2170.0,0,0.0,25.2,0.0,4.0,0.082
4842508-48121021625,2170.0,0,0.0,25.2,0.0,4.0,0.082
4842508-48121021629,2170.0,0,0.0,25.2,0.0,4.0,0.082
4843888-48183010302,2170.0,0,0.0,25.2,0.0,4.0,0.082
4843888-48203020604,2170.0,0,0.0,25.2,0.0,4.0,0.082
4845000-48303000605,2263.0,0,0.0,18.0,0.0,6.0,0.079
4845000-48303010200,2263.0,0,0.0,18.0,0.0,6.0,0.079
4845000-48303010508,2263.0,0,0.0,18.0,0.0,6.0,0.079
4845384-48215023504,2218.0,0,0.0,28.9,0.0,0.0,0.064
4845384-48215024105,2218.0,0,0.0,28.9,0.0,0.0,0.064
4847892-48113012302,2170.0,0,0.0,25.2,0.0,4.0,0.082
4847892-48113012500,2170.0,0,0.0,25.2,0.0,4.0,0.082
4847892-48113017003,2170.0,0,0.0,25.2,0.0,4.0,0.082
4847892-48113017202,2170.0,0,0.0,25.2,0.0,4.0,0.082
4847892-48113018129,2170.0,0,0.0,25.2,0.0,4.0,0.082
4847892-48257050206,2170.0,0,0.0,25.2,0.0,4.0,0.082
4848072-48329010109,2183.0,0,0.0,31.9,0.0,6.0,0.082
4848768-48215020504,2218.0,0,0.0,28.9,0.0,0.0,0.064
4848768-48215024109,2218.0,0,0.0,28.9,0.0,0.0,0.064
4848804-48157670700,2210.0,0,0.0,32.1,0.0,6.0,0.078
4848804-48157670800,2210.0,0,0.0,32.1,0.0,6.0,0.078
4848804-48157671300,2210.0,0,0.0,32.1,0.0,6.0,0.078
4848804-48157671800,2210.0,0,0.0,32.1,0.0,6.0,0.078
4848804-48157674502,2210.0,0,0.0,32.1,0.0,6.0,0.078
4853388-48135000300,2183.0,0,0.0,31.9,0.0,6.0,0.082
4856000-48201341301,2210.0,0,0.0,32.1,0.0,6.0,0.078
4856348-48157670700,2210.0,0,0.0,32.1,0.0,6.0,0.078
4856348-48201330800,2210.0,0,0.0,32.1,0.0,6.0,0.078
4861796-48085031900,2170.0,0,0.0,25.2,0.0,4.0,0.082
4863500-48453001851,2146.0,0,1.0,46.3,0.0,4.0,0.08
4863500-48453001855,2146.0,0,1.0,46.3,0.0,4.0,0.08
4863500-48491020310,2146.0,0,1.0,46.3,0.0,4.0,0.08
4863500-48491020806,2146.0,0,1.0,46.3,0.0,4.0,0.08
4863500-48491021504,2146.0,0,1.0,46.3,0.0,4.0,0.08
4864472-48451001704,2146.0,0,1.0,46.3,0.0,4.0,0.08
4865000-48029110900,2146.0,0,1.0,46.3,0.0,4.0,0.08
4865000-48029120400,2146.0,0,1.0,46.3,0.0,4.0,0.08
4865000-48029121501,2146.0,0,1.0,46.3,0.0,4.0,0.08
4865000-48029121508,2146.0,0,1.0,46.3,0.0,4.0,0.08
4865000-48029121907,2146.0,0,1.0,46.3,0.0,4.0,0.08
4865000-48029131504,2149.0,0,0.0,29.2,0.0,0.0,0.069
4865000-48029131506,2149.0,0,0.0,29.2,0.0,0.0,0.069
4865000-48029131606,2149.0,0,0.0,29.2,0.0,0.0,0.069
4865000-48029131802,2149.0,0,0.0,29.2,0.0,0.0,0.069
4865000-48029141900,2149.0,0,0.0,29.2,0.0,0.0,0.069
4865000-48029152100,2149.0,0,0.0,29.2,0.0,0.0,0.069
4865000-48029171919,2146.0,0,1.0,46.3,0.0,4.0,0.08
4865000-48029171922,2146.0,0,1.0,46.3,0.0,4.0,0.08
4865000-48029172007,2146.0,0,1.0,46.3,0.0,4.0,0.08
4865000-48029191701,2146.0,0,1.0,46.3,0.0,4.0,0.08
4865000-48029191808,2146.0,0,1.0,46.3,0.0,4.0,0.08
4865000-48029191809,2146.0,0,1.0,46.3,0.0,4.0,0.08
4865000-48029980100,2146.0,0,1.0,46.3,0.0,4.0,0.08
4870808-48157674601,2210.0,0,0.0,32.1,0.0,6.0,0.078
4870808-48157674602,2210.0,0,0.0,32.1,0.0,6.0,0.078
4874144-48423001601,2170.0,0,0.0,25.2,0.0,4.0,0.082
4876000-48309001600,2263.0,0,0.0,18.0,0.0,6.0,0.079
4876000-48309001700,2263.0,0,0.0,18.0,0.0,6.0,0.079
4879000-48485011200,2263.0,0,0.0,18.0,0.0,6.0,0.079
4943660-49011125403,2309.0,0,4.0,54.8,0.0,13.0,0.079
4955980-49057210100,2309.0,0,4.0,54.8,0.0,13.0,0.079
4955980-49057210402,2309.0,0,4.0,54.8,0.0,13.0,0.079
4965330-49053270500,2291.0,0,9.0,59.0,0.0,19.0,0.083
4967000-49035110300,2291.0,0,9.0,59.0,0.0,19.0,0.083
4967000-49035111802,2291.0,0,9.0,59.0,0.0,19.0,0.083
4967000-49035114500,2291.0,0,9.0,59.0,0.0,19.0,0.083
4967440-49035110102,2291.0,0,9.0,59.0,0.0,19.0,0.083
4967440-49035112503,2291.0,0,9.0,59.0,0.0,19.0,0.083
4967440-49035112614,2291.0,0,9.0,59.0,0.0,19.0,0.083
4983470-49035113526,2291.0,0,9.0,59.0,0.0,19.0,0.083
4983470-49035113907,2291.0,0,9.0,59.0,0.0,19.0,0.083
5101000-51510200701,2348.0,0,0.0,16.8,0.0,0.0,0.069
5135000-51650011100,2348.0,0,0.0,16.8,0.0,0.0,0.069
5147672-51680000500,2348.0,0,0.0,16.8,0.0,0.0,0.069
5157000-51710006601,2348.0,0,0.0,16.8,0.0,0.0,0.069
5164000-51740980100,2348.0,0,0.0,16.8,0.0,0.0,0.069
5176432-51800075404,2348.0,0,0.0,16.8,0.0,0.0,0.069
5303180-53033029601,2401.0,0,6.0,56.8,0.0,0.0,0.052
5303180-53033029700,2401.0,0,6.0,56.8,0.0,0.0,0.052
5335275-53005011501,2401.0,0,6.0,56.8,0.0,0.0,0.052
5335415-53033028300,2401.0,0,6.0,56.8,0.0,0.0,0.052
5335415-53033029305,2401.0,0,6.0,56.8,0.0,0.0,0.052
5335415-53033029602,2401.0,0,6.0,56.8,0.0,0.0,0.052
5335415-53033031800,2401.0,0,6.0,56.8,0.0,0.0,0.052
5357745-53033026100,2401.0,0,6.0,56.8,0.0,0.0,0.052
5357745-53033031903,2401.0,0,6.0,56.8,0.0,0.0,0.052
5357745-53033031906,2401.0,0,6.0,56.8,0.0,0.0,0.052
5363000-53033026001,2401.0,0,6.0,56.8,0.0,0.0,0.052
5363000-53033026500,2401.0,0,6.0,56.8,0.0,0.0,0.052
5367000-53063005000,2401.0,0,6.0,56.8,0.0,0.0,0.052
5367000-53063011000,2401.0,0,6.0,56.8,0.0,0.0,0.052
5367000-53063011202,2401.0,0,6.0,56.8,0.0,0.0,0.052
5367000-53063012200,2401.0,0,6.0,56.8,0.0,0.0,0.052
5367000-53063013401,2401.0,0,6.0,56.8,0.0,0.0,0.052
5367167-53063010100,2401.0,0,6.0,56.8,0.0,0.0,0.052
5367167-53063013201,2401.0,0,6.0,56.8,0.0,0.0,0.052
5367167-53063013401,2401.0,0,6.0,56.8,0.0,0.0,0.052
5370000-53053061602,2401.0,0,6.0,56.8,0.0,0.0,0.052
5370000-53053071601,2401.0,0,6.0,56.8,0.0,0.0,0.052
5370000-53053071705,2401.0,0,6.0,56.8,0.0,0.0,0.052
5370000-53053072310,2401.0,0,6.0,56.8,0.0,0.0,0.052
5370000-53053940001,2401.0,0,6.0,56.8,0.0,0.0,0.052
5370000-53053940002,2401.0,0,6.0,56.8,0.0,0.0,0.052
5374060-53011041007,2401.0,0,6.0,56.8,0.0,0.0,0.052
5374060-53011041110,2401.0,0,6.0,56.8,0.0,0.0,0.052
5374060-53011041327,2401.0,0,6.0,56.8,0.0,0.0,0.052
5380010-53077001300,2401.0,0,6.0,56.8,0.0,0.0,0.052
5380010-53077002900,2401.0,0,6.0,56.8,0.0,0.0,0.052
5414600-54039011000,2466.0,0,0.0,18.5,0.0,1.0,0.072
5414600-54039011401,2466.0,0,0.0,18.5,0.0,1.0,0.072
5414600-54039012300,2466.0,0,0.0,18.5,0.0,1.0,0.072
5414600-54039012800,2466.0,0,0.0,18.5,0.0,1.0,0.072
5502375-55087012901,2503.0,0,0.0,28.1,0.0,0.0,0.067
5502375-55087013300,2503.0,0,0.0,28.1,0.0,0.0,0.067
5531000-55009020100,2503.0,0,0.0,28.1,0.0,0.0,0.067
5531000-55009020704,2503.0,0,0.0,28.1,0.0,0.0,0.067
5531000-55009021302,2503.0,0,0.0,28.1,0.0,0.0,0.067
5539225-55059002602,2496.0,0,0.0,25.4,0.0,1.0,0.071
5539225-55059002700,2496.0,0,0.0,25.4,0.0,1.0,0.071
5548000-55025011000,2481.0,0,0.0,23.1,0.0,0.0,0.065
5553000-55079110100,2496.0,0,0.0,25.4,0.0,1.0,0.071
5553000-55079120202,2496.0,0,0.0,25.4,0.0,1.0,0.071
5553000-55079120400,2496.0,0,0.0,25.4,0.0,1.0,0.071
5566000-55101000100,2496.0,0,0.0,25.4,0.0,1.0,0.071
5566000-55101001504,2496.0,0,0.0,25.4,0.0,1.0,0.071
5566000-55101001505,2496.0,0,0.0,25.4,0.0,1.0,0.071
5584250-55133202902,2517.0,0,0.0,30.1,0.0,0.0,0.067
5584250-55133203804,2517.0,0,0.0,30.1,0.0,0.0,0.067
5613900-56021000402,2595.0,0,0.0,14.9,0.0,0.0,0.057
5613900-56021002000,2595.0,0,0.0,14.9,0.0,0.0,0.057
